cell,lat,lon,lsm
0_0,58.5,4.0,0.0
0_1,58.5,4.25,0.0
0_2,58.5,4.5,0.0
0_3,58.5,4.75,0.0
0_4,58.5,5.0,0.0
0_5,58.5,5.25,0.034
0_6,58.5,5.5,0.1406
0_7,58.5,5.75,0.4992
0_8,58.5,6.0,0.6653
0_9,58.5,6.25,0.8453
0_10,58.5,6.5,0.8474
0_11,58.5,6.75,0.8689
0_12,58.5,7.0,0.9704
0_13,58.5,7.25,0.9734
0_14,58.5,7.5,0.9692
0_15,58.5,7.75,0.967
0_16,58.5,8.0,0.9649
0_17,58.5,8.25,0.8282
0_18,58.5,8.5,0.8315
0_19,58.5,8.75,0.6299
0_20,58.5,9.0,0.376
0_21,58.5,9.25,0.2841
0_22,58.5,9.5,0.0002
0_23,58.5,9.75,0.0001
0_24,58.5,10.0,0.0
0_25,58.5,10.25,0.0
0_26,58.5,10.5,0.0
0_27,58.5,10.75,0.0098
0_28,58.5,11.0,0.0147
0_29,58.5,11.25,0.3707
0_30,58.5,11.5,0.8323
0_31,58.5,11.75,0.8438
0_32,58.5,12.0,0.937
0_33,58.5,12.25,0.8668
0_34,58.5,12.5,0.683
0_35,58.5,12.75,0.5869
0_36,58.5,13.0,0.6057
0_37,58.5,13.25,0.6455
0_38,58.5,13.5,0.7923
1_0,58.25,4.0,0.0
1_1,58.25,4.25,0.0
1_2,58.25,4.5,0.0
1_3,58.25,4.75,0.0
1_4,58.25,5.0,0.0
1_5,58.25,5.25,0.0
1_6,58.25,5.5,0.0
1_7,58.25,5.75,0.0406
1_8,58.25,6.0,0.1158
1_9,58.25,6.25,0.3822
1_10,58.25,6.5,0.5448
1_11,58.25,6.75,0.6816
1_12,58.25,7.0,0.8222
1_13,58.25,7.25,0.828
1_14,58.25,7.5,0.8726
1_15,58.25,7.75,0.7922
1_16,58.25,8.0,0.7908
1_17,58.25,8.25,0.5863
1_18,58.25,8.5,0.4355
1_19,58.25,8.75,0.2826
1_20,58.25,9.0,0.0013
1_21,58.25,9.25,0.0004
1_22,58.25,9.5,0.0
1_23,58.25,9.75,0.0
1_24,58.25,10.0,0.0
1_25,58.25,10.25,0.0
1_26,58.25,10.5,0.0
1_27,58.25,10.75,0.0013
1_28,58.25,11.0,0.0038
1_29,58.25,11.25,0.3126
1_30,58.25,11.5,0.5594
1_31,58.25,11.75,0.7614
1_32,58.25,12.0,0.8936
1_33,58.25,12.25,0.8768
1_34,58.25,12.5,0.8662
1_35,58.25,12.75,0.9205
1_36,58.25,13.0,0.9947
1_37,58.25,13.25,0.9832
1_38,58.25,13.5,0.9801
2_0,58.0,4.0,0.0
2_1,58.0,4.25,0.0
2_2,58.0,4.5,0.0
2_3,58.0,4.75,0.0
2_4,58.0,5.0,0.0
2_5,58.0,5.25,0.0
2_6,58.0,5.5,0.0
2_7,58.0,5.75,0.0
2_8,58.0,6.0,0.0
2_9,58.0,6.25,0.0297
2_10,58.0,6.5,0.0687
2_11,58.0,6.75,0.2036
2_12,58.0,7.0,0.3069
2_13,58.0,7.25,0.3748
2_14,58.0,7.5,0.4645
2_15,58.0,7.75,0.291
2_16,58.0,8.0,0.1591
2_17,58.0,8.25,0.0903
2_18,58.0,8.5,0.0003
2_19,58.0,8.75,0.0001
2_20,58.0,9.0,0.0
2_21,58.0,9.25,0.0
2_22,58.0,9.5,0.0
2_23,58.0,9.75,0.0
2_24,58.0,10.0,0.0
2_25,58.0,10.25,0.0136
2_26,58.0,10.5,0.0135
2_27,58.0,10.75,0.0136
2_28,58.0,11.0,0.0
2_29,58.0,11.25,0.1409
2_30,58.0,11.5,0.3155
2_31,58.0,11.75,0.6022
2_32,58.0,12.0,0.9204
2_33,58.0,12.25,0.9168
2_34,58.0,12.5,0.9137
2_35,58.0,12.75,0.9444
2_36,58.0,13.0,0.9744
2_37,58.0,13.25,0.977
2_38,58.0,13.5,0.984
3_0,57.75,4.0,0.0
3_1,57.75,4.25,0.0
3_2,57.75,4.5,0.0
3_3,57.75,4.75,0.0
3_4,57.75,5.0,0.0
3_5,57.75,5.25,0.0
3_6,57.75,5.5,0.0
3_7,57.75,5.75,0.0
3_8,57.75,6.0,0.0
3_9,57.75,6.25,0.0
3_10,57.75,6.5,0.0
3_11,57.75,6.75,0.0
3_12,57.75,7.0,0.0
3_13,57.75,7.25,0.0
3_14,57.75,7.5,0.0
3_15,57.75,7.75,0.0
3_16,57.75,8.0,0.0
3_17,57.75,8.25,0.0
3_18,57.75,8.5,0.0
3_19,57.75,8.75,0.0
3_20,57.75,9.0,0.0
3_21,57.75,9.25,0.0
3_22,57.75,9.5,0.0
3_23,57.75,9.75,0.0063
3_24,57.75,10.0,0.0056
3_25,57.75,10.25,0.0644
3_26,57.75,10.5,0.1185
3_27,57.75,10.75,0.0581
3_28,57.75,11.0,0.0
3_29,57.75,11.25,0.0329
3_30,57.75,11.5,0.0654
3_31,57.75,11.75,0.4855
3_32,57.75,12.0,0.9079
3_33,57.75,12.25,0.9026
3_34,57.75,12.5,0.9001
3_35,57.75,12.75,0.9283
3_36,57.75,13.0,0.9564
3_37,57.75,13.25,0.9452
3_38,57.75,13.5,0.9341
4_0,57.5,4.0,0.0
4_1,57.5,4.25,0.0
4_2,57.5,4.5,0.0
4_3,57.5,4.75,0.0
4_4,57.5,5.0,0.0
4_5,57.5,5.25,0.0
4_6,57.5,5.5,0.0
4_7,57.5,5.75,0.0
4_8,57.5,6.0,0.0
4_9,57.5,6.25,0.0
4_10,57.5,6.5,0.0
4_11,57.5,6.75,0.0
4_12,57.5,7.0,0.0
4_13,57.5,7.25,0.0
4_14,57.5,7.5,0.0
4_15,57.5,7.75,0.0
4_16,57.5,8.0,0.0
4_17,57.5,8.25,0.0
4_18,57.5,8.5,0.0
4_19,57.5,8.75,0.0
4_20,57.5,9.0,0.0
4_21,57.5,9.25,0.0027
4_22,57.5,9.5,0.0061
4_23,57.5,9.75,0.4407
4_24,57.5,10.0,0.7853
4_25,57.5,10.25,0.6448
4_26,57.5,10.5,0.4517
4_27,57.5,10.75,0.2083
4_28,57.5,11.0,0.0026
4_29,57.5,11.25,0.0082
4_30,57.5,11.5,0.0069
4_31,57.5,11.75,0.2919
4_32,57.5,12.0,0.6061
4_33,57.5,12.25,0.736
4_34,57.5,12.5,0.9013
4_35,57.5,12.75,0.9342
4_36,57.5,13.0,0.9662
4_37,57.5,13.25,0.9642
4_38,57.5,13.5,0.9646
5_0,57.25,4.0,0.0
5_1,57.25,4.25,0.0
5_2,57.25,4.5,0.0
5_3,57.25,4.75,0.0
5_4,57.25,5.0,0.0
5_5,57.25,5.25,0.0
5_6,57.25,5.5,0.0
5_7,57.25,5.75,0.0
5_8,57.25,6.0,0.0
5_9,57.25,6.25,0.0
5_10,57.25,6.5,0.0
5_11,57.25,6.75,0.0
5_12,57.25,7.0,0.0
5_13,57.25,7.25,0.0
5_14,57.25,7.5,0.0
5_15,57.25,7.75,0.0
5_16,57.25,8.0,0.0
5_17,57.25,8.25,0.0332
5_18,57.25,8.5,0.0523
5_19,57.25,8.75,0.1076
5_20,57.25,9.0,0.2036
5_21,57.25,9.25,0.3746
5_22,57.25,9.5,0.4737
5_23,57.25,9.75,0.7672
5_24,57.25,10.0,0.9532
5_25,57.25,10.25,0.6816
5_26,57.25,10.5,0.443
5_27,57.25,10.75,0.2525
5_28,57.25,11.0,0.1026
5_29,57.25,11.25,0.0379
5_30,57.25,11.5,0.0
5_31,57.25,11.75,0.1517
5_32,57.25,12.0,0.2038
5_33,57.25,12.25,0.6305
5_34,57.25,12.5,0.9468
5_35,57.25,12.75,0.9499
5_36,57.25,13.0,0.9308
5_37,57.25,13.25,0.9526
5_38,57.25,13.5,0.9654
6_0,57.0,4.0,0.0
6_1,57.0,4.25,0.0
6_2,57.0,4.5,0.0
6_3,57.0,4.75,0.0
6_4,57.0,5.0,0.0
6_5,57.0,5.25,0.0
6_6,57.0,5.5,0.0
6_7,57.0,5.75,0.0
6_8,57.0,6.0,0.0
6_9,57.0,6.25,0.0
6_10,57.0,6.5,0.0
6_11,57.0,6.75,0.0
6_12,57.0,7.0,0.0
6_13,57.0,7.25,0.0
6_14,57.0,7.5,0.0
6_15,57.0,7.75,0.0006
6_16,57.0,8.0,0.0008
6_17,57.0,8.25,0.1527
6_18,57.0,8.5,0.5194
6_19,57.0,8.75,0.3097
6_20,57.0,9.0,0.2974
6_21,57.0,9.25,0.5109
6_22,57.0,9.5,0.7994
6_23,57.0,9.75,0.8419
6_24,57.0,10.0,0.9776
6_25,57.0,10.25,0.6345
6_26,57.0,10.5,0.1649
6_27,57.0,10.75,0.146
6_28,57.0,11.0,0.0422
6_29,57.0,11.25,0.0
6_30,57.0,11.5,0.0
6_31,57.0,11.75,0.0
6_32,57.0,12.0,0.0336
6_33,57.0,12.25,0.4169
6_34,57.0,12.5,0.7157
6_35,57.0,12.75,0.9094
6_36,57.0,13.0,0.9657
6_37,57.0,13.25,0.9411
6_38,57.0,13.5,0.832
7_0,56.75,4.0,0.0
7_1,56.75,4.25,0.0
7_2,56.75,4.5,0.0
7_3,56.75,4.75,0.0
7_4,56.75,5.0,0.0
7_5,56.75,5.25,0.0
7_6,56.75,5.5,0.0
7_7,56.75,5.75,0.0
7_8,56.75,6.0,0.0
7_9,56.75,6.25,0.0
7_10,56.75,6.5,0.0
7_11,56.75,6.75,0.0
7_12,56.75,7.0,0.0
7_13,56.75,7.25,0.0
7_14,56.75,7.5,0.0008
7_15,56.75,7.75,0.0042
7_16,56.75,8.0,0.061
7_17,56.75,8.25,0.3255
7_18,56.75,8.5,0.6404
7_19,56.75,8.75,0.7379
7_20,56.75,9.0,0.5872
7_21,56.75,9.25,0.6524
7_22,56.75,9.5,0.8823
7_23,56.75,9.75,0.9416
7_24,56.75,10.0,0.8992
7_25,56.75,10.25,0.6048
7_26,56.75,10.5,0.2127
7_27,56.75,10.75,0.0465
7_28,56.75,11.0,0.0255
7_29,56.75,11.25,0.0043
7_30,56.75,11.5,0.0032
7_31,56.75,11.75,0.0003
7_32,56.75,12.0,0.0002
7_33,56.75,12.25,0.065
7_34,56.75,12.5,0.3497
7_35,56.75,12.75,0.591
7_36,56.75,13.0,0.8042
7_37,56.75,13.25,0.9621
7_38,56.75,13.5,0.8891
8_0,56.5,4.0,0.0
8_1,56.5,4.25,0.0
8_2,56.5,4.5,0.0
8_3,56.5,4.75,0.0
8_4,56.5,5.0,0.0
8_5,56.5,5.25,0.0
8_6,56.5,5.5,0.0
8_7,56.5,5.75,0.0
8_8,56.5,6.0,0.0
8_9,56.5,6.25,0.0
8_10,56.5,6.5,0.0
8_11,56.5,6.75,0.0
8_12,56.5,7.0,0.0
8_13,56.5,7.25,0.0
8_14,56.5,7.5,0.0
8_15,56.5,7.75,0.0032
8_16,56.5,8.0,0.2035
8_17,56.5,8.25,0.4571
8_18,56.5,8.5,0.7172
8_19,56.5,8.75,0.8605
8_20,56.5,9.0,0.8799
8_21,56.5,9.25,0.9108
8_22,56.5,9.5,0.9131
8_23,56.5,9.75,0.9756
8_24,56.5,10.0,0.9483
8_25,56.5,10.25,0.6966
8_26,56.5,10.5,0.6227
8_27,56.5,10.75,0.4048
8_28,56.5,11.0,0.0925
8_29,56.5,11.25,0.059
8_30,56.5,11.5,0.0032
8_31,56.5,11.75,0.0003
8_32,56.5,12.0,0.0002
8_33,56.5,12.25,0.0145
8_34,56.5,12.5,0.1468
8_35,56.5,12.75,0.4478
8_36,56.5,13.0,0.7856
8_37,56.5,13.25,0.96
8_38,56.5,13.5,0.9754
9_0,56.25,4.0,0.0
9_1,56.25,4.25,0.0
9_2,56.25,4.5,0.0
9_3,56.25,4.75,0.0
9_4,56.25,5.0,0.0
9_5,56.25,5.25,0.0
9_6,56.25,5.5,0.0
9_7,56.25,5.75,0.0
9_8,56.25,6.0,0.0
9_9,56.25,6.25,0.0
9_10,56.25,6.5,0.0
9_11,56.25,6.75,0.0
9_12,56.25,7.0,0.0
9_13,56.25,7.25,0.0
9_14,56.25,7.5,0.0
9_15,56.25,7.75,0.0462
9_16,56.25,8.0,0.2644
9_17,56.25,8.25,0.5201
9_18,56.25,8.5,0.7924
9_19,56.25,8.75,0.9899
9_20,56.25,9.0,0.9938
9_21,56.25,9.25,0.9939
9_22,56.25,9.5,0.984
9_23,56.25,9.75,0.9519
9_24,56.25,10.0,0.9546
9_25,56.25,10.25,0.9236
9_26,56.25,10.5,0.7271
9_27,56.25,10.75,0.5558
9_28,56.25,11.0,0.1592
9_29,56.25,11.25,0.032
9_30,56.25,11.5,0.0122
9_31,56.25,11.75,0.1044
9_32,56.25,12.0,0.1041
9_33,56.25,12.25,0.1632
9_34,56.25,12.5,0.2866
9_35,56.25,12.75,0.585
9_36,56.25,13.0,0.9337
9_37,56.25,13.25,0.9739
9_38,56.25,13.5,0.9765
10_0,56.0,4.0,0.0
10_1,56.0,4.25,0.0
10_2,56.0,4.5,0.0
10_3,56.0,4.75,0.0
10_4,56.0,5.0,0.0
10_5,56.0,5.25,0.0
10_6,56.0,5.5,0.0
10_7,56.0,5.75,0.0
10_8,56.0,6.0,0.0
10_9,56.0,6.25,0.0
10_10,56.0,6.5,0.0
10_11,56.0,6.75,0.0
10_12,56.0,7.0,0.0
10_13,56.0,7.25,0.0
10_14,56.0,7.5,0.0
10_15,56.0,7.75,0.0465
10_16,56.0,8.0,0.2125
10_17,56.0,8.25,0.4505
10_18,56.0,8.5,0.8006
10_19,56.0,8.75,0.9994
10_20,56.0,9.0,0.9985
10_21,56.0,9.25,0.9875
10_22,56.0,9.5,0.962
10_23,56.0,9.75,0.9297
10_24,56.0,10.0,0.8577
10_25,56.0,10.25,0.6106
10_26,56.0,10.5,0.2095
10_27,56.0,10.75,0.0702
10_28,56.0,11.0,0.0389
10_29,56.0,11.25,0.1832
10_30,56.0,11.5,0.203
10_31,56.0,11.75,0.3312
10_32,56.0,12.0,0.386
10_33,56.0,12.25,0.4797
10_34,56.0,12.5,0.6242
10_35,56.0,12.75,0.8462
10_36,56.0,13.0,0.9223
10_37,56.0,13.25,0.9797
10_38,56.0,13.5,0.9784
11_0,55.75,4.0,0.0
11_1,55.75,4.25,0.0
11_2,55.75,4.5,0.0
11_3,55.75,4.75,0.0
11_4,55.75,5.0,0.0
11_5,55.75,5.25,0.0
11_6,55.75,5.5,0.0
11_7,55.75,5.75,0.0
11_8,55.75,6.0,0.0
11_9,55.75,6.25,0.0
11_10,55.75,6.5,0.0
11_11,55.75,6.75,0.0
11_12,55.75,7.0,0.0
11_13,55.75,7.25,0.0
11_14,55.75,7.5,0.0
11_15,55.75,7.75,0.0376
11_16,55.75,8.0,0.2626
11_17,55.75,8.25,0.5132
11_18,55.75,8.5,0.809
11_19,55.75,8.75,0.9993
11_20,55.75,9.0,0.9992
11_21,55.75,9.25,0.9886
11_22,55.75,9.5,0.9681
11_23,55.75,9.75,0.8226
11_24,55.75,10.0,0.5156
11_25,55.75,10.25,0.3299
11_26,55.75,10.5,0.2009
11_27,55.75,10.75,0.1502
11_28,55.75,11.0,0.1809
11_29,55.75,11.25,0.4318
11_30,55.75,11.5,0.7415
11_31,55.75,11.75,0.7421
11_32,55.75,12.0,0.6971
11_33,55.75,12.25,0.7369
11_34,55.75,12.5,0.6798
11_35,55.75,12.75,0.632
11_36,55.75,13.0,0.5854
11_37,55.75,13.25,0.7858
11_38,55.75,13.5,0.9272
12_0,55.5,4.0,0.0
12_1,55.5,4.25,0.0
12_2,55.5,4.5,0.0
12_3,55.5,4.75,0.0
12_4,55.5,5.0,0.0
12_5,55.5,5.25,0.0
12_6,55.5,5.5,0.0
12_7,55.5,5.75,0.0
12_8,55.5,6.0,0.0
12_9,55.5,6.25,0.0
12_10,55.5,6.5,0.0
12_11,55.5,6.75,0.0
12_12,55.5,7.0,0.0
12_13,55.5,7.25,0.0
12_14,55.5,7.5,0.0
12_15,55.5,7.75,0.0316
12_16,55.5,8.0,0.1508
12_17,55.5,8.25,0.3449
12_18,55.5,8.5,0.6829
12_19,55.5,8.75,0.9064
12_20,55.5,9.0,0.9698
12_21,55.5,9.25,0.9409
12_22,55.5,9.5,0.8264
12_23,55.5,9.75,0.7635
12_24,55.5,10.0,0.7462
12_25,55.5,10.25,0.6824
12_26,55.5,10.5,0.582
12_27,55.5,10.75,0.4188
12_28,55.5,11.0,0.2378
12_29,55.5,11.25,0.5417
12_30,55.5,11.5,0.9439
12_31,55.5,11.75,0.9719
12_32,55.5,12.0,0.9663
12_33,55.5,12.25,0.5466
12_34,55.5,12.5,0.1707
12_35,55.5,12.75,0.3699
12_36,55.5,13.0,0.5669
12_37,55.5,13.25,0.7806
12_38,55.5,13.5,0.9265
13_0,55.25,4.0,0.0
13_1,55.25,4.25,0.0
13_2,55.25,4.5,0.0
13_3,55.25,4.75,0.0
13_4,55.25,5.0,0.0
13_5,55.25,5.25,0.0
13_6,55.25,5.5,0.0
13_7,55.25,5.75,0.0
13_8,55.25,6.0,0.0
13_9,55.25,6.25,0.0
13_10,55.25,6.5,0.0
13_11,55.25,6.75,0.0
13_12,55.25,7.0,0.0
13_13,55.25,7.25,0.0
13_14,55.25,7.5,0.0
13_15,55.25,7.75,0.0
13_16,55.25,8.0,0.0266
13_17,55.25,8.25,0.1103
13_18,55.25,8.5,0.3034
13_19,55.25,8.75,0.7461
13_20,55.25,9.0,0.9821
13_21,55.25,9.25,0.958
13_22,55.25,9.5,0.7889
13_23,55.25,9.75,0.4544
13_24,55.25,10.0,0.5414
13_25,55.25,10.25,0.8865
13_26,55.25,10.5,0.7844
13_27,55.25,10.75,0.5724
13_28,55.25,11.0,0.4391
13_29,55.25,11.25,0.3638
13_30,55.25,11.5,0.6165
13_31,55.25,11.75,0.802
13_32,55.25,12.0,0.7066
13_33,55.25,12.25,0.5193
13_34,55.25,12.5,0.1999
13_35,55.25,12.75,0.0585
13_36,55.25,13.0,0.0551
13_37,55.25,13.25,0.0935
13_38,55.25,13.5,0.0931
14_0,55.0,4.0,0.0
14_1,55.0,4.25,0.0
14_2,55.0,4.5,0.0
14_3,55.0,4.75,0.0
14_4,55.0,5.0,0.0
14_5,55.0,5.25,0.0
14_6,55.0,5.5,0.0
14_7,55.0,5.75,0.0
14_8,55.0,6.0,0.0
14_9,55.0,6.25,0.0
14_10,55.0,6.5,0.0
14_11,55.0,6.75,0.0
14_12,55.0,7.0,0.0
14_13,55.0,7.25,0.0
14_14,55.0,7.5,0.0
14_15,55.0,7.75,0.0
14_16,55.0,8.0,0.0105
14_17,55.0,8.25,0.0965
14_18,55.0,8.5,0.272
14_19,55.0,8.75,0.7146
14_20,55.0,9.0,0.9833
14_21,55.0,9.25,0.9426
14_22,55.0,9.5,0.824
14_23,55.0,9.75,0.6259
14_24,55.0,10.0,0.5867
14_25,55.0,10.25,0.3873
14_26,55.0,10.5,0.4104
14_27,55.0,10.75,0.4267
14_28,55.0,11.0,0.3773
14_29,55.0,11.25,0.4251
14_30,55.0,11.5,0.389
14_31,55.0,11.75,0.4512
14_32,55.0,12.0,0.4647
14_33,55.0,12.25,0.4494
14_34,55.0,12.5,0.2298
14_35,55.0,12.75,0.0519
14_36,55.0,13.0,0.0175
14_37,55.0,13.25,0.0002
14_38,55.0,13.5,0.0002
15_0,54.75,4.0,0.0
15_1,54.75,4.25,0.0
15_2,54.75,4.5,0.0
15_3,54.75,4.75,0.0
15_4,54.75,5.0,0.0
15_5,54.75,5.25,0.0
15_6,54.75,5.5,0.0
15_7,54.75,5.75,0.0
15_8,54.75,6.0,0.0
15_9,54.75,6.25,0.0
15_10,54.75,6.5,0.0
15_11,54.75,6.75,0.0
15_12,54.75,7.0,0.0
15_13,54.75,7.25,0.0
15_14,54.75,7.5,0.0
15_15,54.75,7.75,0.0
15_16,54.75,8.0,0.0124
15_17,54.75,8.25,0.1115
15_18,54.75,8.5,0.29
15_19,54.75,8.75,0.641
15_20,54.75,9.0,0.8782
15_21,54.75,9.25,0.9919
15_22,54.75,9.5,0.8725
15_23,54.75,9.75,0.7656
15_24,54.75,10.0,0.4585
15_25,54.75,10.25,0.1054
15_26,54.75,10.5,0.1165
15_27,54.75,10.75,0.1361
15_28,54.75,11.0,0.2875
15_29,54.75,11.25,0.3855
15_30,54.75,11.5,0.3951
15_31,54.75,11.75,0.4323
15_32,54.75,12.0,0.1904
15_33,54.75,12.25,0.1289
15_34,54.75,12.5,0.0364
15_35,54.75,12.75,0.044
15_36,54.75,13.0,0.0968
15_37,54.75,13.25,0.0793
15_38,54.75,13.5,0.0843
16_0,54.5,4.0,0.0
16_1,54.5,4.25,0.0
16_2,54.5,4.5,0.0
16_3,54.5,4.75,0.0
16_4,54.5,5.0,0.0
16_5,54.5,5.25,0.0
16_6,54.5,5.5,0.0
16_7,54.5,5.75,0.0
16_8,54.5,6.0,0.0
16_9,54.5,6.25,0.0
16_10,54.5,6.5,0.0
16_11,54.5,6.75,0.0
16_12,54.5,7.0,0.0
16_13,54.5,7.25,0.0
16_14,54.5,7.5,0.0
16_15,54.5,7.75,0.0
16_16,54.5,8.0,0.0125
16_17,54.5,8.25,0.0931
16_18,54.5,8.5,0.2118
16_19,54.5,8.75,0.5546
16_20,54.5,9.0,0.7932
16_21,54.5,9.25,0.9272
16_22,54.5,9.5,0.9698
16_23,54.5,9.75,0.8985
16_24,54.5,10.0,0.5896
16_25,54.5,10.25,0.4001
16_26,54.5,10.5,0.2458
16_27,54.5,10.75,0.2067
16_28,54.5,11.0,0.3421
16_29,54.5,11.25,0.2819
16_30,54.5,11.5,0.1619
16_31,54.5,11.75,0.1849
16_32,54.5,12.0,0.0278
16_33,54.5,12.25,0.1199
16_34,54.5,12.5,0.3616
16_35,54.5,12.75,0.369
16_36,54.5,13.0,0.4096
16_37,54.5,13.25,0.3533
16_38,54.5,13.5,0.2768
17_0,54.25,4.0,0.0
17_1,54.25,4.25,0.0
17_2,54.25,4.5,0.0
17_3,54.25,4.75,0.0
17_4,54.25,5.0,0.0
17_5,54.25,5.25,0.0
17_6,54.25,5.5,0.0
17_7,54.25,5.75,0.0
17_8,54.25,6.0,0.0
17_9,54.25,6.25,0.0
17_10,54.25,6.5,0.0
17_11,54.25,6.75,0.0
17_12,54.25,7.0,0.0
17_13,54.25,7.25,0.0
17_14,54.25,7.5,0.0001
17_15,54.25,7.75,0.0001
17_16,54.25,8.0,0.0003
17_17,54.25,8.25,0.0368
17_18,54.25,8.5,0.0587
17_19,54.25,8.75,0.4145
17_20,54.25,9.0,0.7823
17_21,54.25,9.25,0.916
17_22,54.25,9.5,0.973
17_23,54.25,9.75,0.9409
17_24,54.25,10.0,0.8708
17_25,54.25,10.25,0.7799
17_26,54.25,10.5,0.6554
17_27,54.25,10.75,0.516
17_28,54.25,11.0,0.4447
17_29,54.25,11.25,0.1568
17_30,54.25,11.5,0.3705
17_31,54.25,11.75,0.2969
17_32,54.25,12.0,0.4234
17_33,54.25,12.25,0.4564
17_34,54.25,12.5,0.6304
17_35,54.25,12.75,0.7867
17_36,54.25,13.0,0.8026
17_37,54.25,13.25,0.7146
17_38,54.25,13.5,0.5739
18_0,54.0,4.0,0.0
18_1,54.0,4.25,0.0
18_2,54.0,4.5,0.0
18_3,54.0,4.75,0.0
18_4,54.0,5.0,0.0
18_5,54.0,5.25,0.0
18_6,54.0,5.5,0.0
18_7,54.0,5.75,0.0
18_8,54.0,6.0,0.0
18_9,54.0,6.25,0.0
18_10,54.0,6.5,0.0003
18_11,54.0,6.75,0.0003
18_12,54.0,7.0,0.0003
18_13,54.0,7.25,0.0163
18_14,54.0,7.5,0.0231
18_15,54.0,7.75,0.0233
18_16,54.0,8.0,0.0201
18_17,54.0,8.25,0.1365
18_18,54.0,8.5,0.1453
18_19,54.0,8.75,0.4888
18_20,54.0,9.0,0.7641
18_21,54.0,9.25,0.856
18_22,54.0,9.5,0.9521
18_23,54.0,9.75,0.9576
18_24,54.0,10.0,0.995
18_25,54.0,10.25,0.9586
18_26,54.0,10.5,0.8625
18_27,54.0,10.75,0.7779
18_28,54.0,11.0,0.7239
18_29,54.0,11.25,0.3876
18_30,54.0,11.5,0.6709
18_31,54.0,11.75,0.7172
18_32,54.0,12.0,0.8205
18_33,54.0,12.25,0.9485
18_34,54.0,12.5,0.99
18_35,54.0,12.75,0.9859
18_36,54.0,13.0,0.9856
18_37,54.0,13.25,0.8635
18_38,54.0,13.5,0.821
19_0,53.75,4.0,0.0
19_1,53.75,4.25,0.0
19_2,53.75,4.5,0.0
19_3,53.75,4.75,0.0
19_4,53.75,5.0,0.0054
19_5,53.75,5.25,0.0116
19_6,53.75,5.5,0.0116
19_7,53.75,5.75,0.0118
19_8,53.75,6.0,0.0203
19_9,53.75,6.25,0.0202
19_10,53.75,6.5,0.0207
19_11,53.75,6.75,0.0437
19_12,53.75,7.0,0.1948
19_13,53.75,7.25,0.2139
19_14,53.75,7.5,0.2298
19_15,53.75,7.75,0.2089
19_16,53.75,8.0,0.1875
19_17,53.75,8.25,0.3047
19_18,53.75,8.5,0.4845
19_19,53.75,8.75,0.6176
19_20,53.75,9.0,0.8053
19_21,53.75,9.25,0.882
19_22,53.75,9.5,0.8987
19_23,53.75,9.75,0.9455
19_24,53.75,10.0,0.9832
19_25,53.75,10.25,0.981
19_26,53.75,10.5,0.9818
19_27,53.75,10.75,0.9557
19_28,53.75,11.0,0.9592
19_29,53.75,11.25,0.9711
19_30,53.75,11.5,0.9679
19_31,53.75,11.75,0.967
19_32,53.75,12.0,0.9735
19_33,53.75,12.25,0.9412
19_34,53.75,12.5,0.9392
19_35,53.75,12.75,0.9351
19_36,53.75,13.0,0.9461
19_37,53.75,13.25,0.9757
19_38,53.75,13.5,0.9971
20_0,53.5,4.0,0.0
20_1,53.5,4.25,0.0
20_2,53.5,4.5,0.0
20_3,53.5,4.75,0.0123
20_4,53.5,5.0,0.0177
20_5,53.5,5.25,0.0446
20_6,53.5,5.5,0.1623
20_7,53.5,5.75,0.1665
20_8,53.5,6.0,0.1778
20_9,53.5,6.25,0.1938
20_10,53.5,6.5,0.2287
20_11,53.5,6.75,0.2811
20_12,53.5,7.0,0.6042
20_13,53.5,7.25,0.7866
20_14,53.5,7.5,0.9155
20_15,53.5,7.75,0.9135
20_16,53.5,8.0,0.7141
20_17,53.5,8.25,0.7132
20_18,53.5,8.5,0.8105
20_19,53.5,8.75,0.9133
20_20,53.5,9.0,0.9967
20_21,53.5,9.25,0.9811
20_22,53.5,9.5,0.9622
20_23,53.5,9.75,0.9498
20_24,53.5,10.0,0.9493
20_25,53.5,10.25,0.9757
20_26,53.5,10.5,0.9788
20_27,53.5,10.75,0.9665
20_28,53.5,11.0,0.9741
20_29,53.5,11.25,0.9876
20_30,53.5,11.5,0.9838
20_31,53.5,11.75,0.9822
20_32,53.5,12.0,0.9435
20_33,53.5,12.25,0.9032
20_34,53.5,12.5,0.8626
20_35,53.5,12.75,0.8684
20_36,53.5,13.0,0.9366
20_37,53.5,13.25,0.9654
20_38,53.5,13.5,0.9853
21_0,53.25,4.0,0.0
21_1,53.25,4.25,0.0005
21_2,53.25,4.5,0.0005
21_3,53.25,4.75,0.0533
21_4,53.25,5.0,0.116
21_5,53.25,5.25,0.2021
21_6,53.25,5.5,0.4031
21_7,53.25,5.75,0.7767
21_8,53.25,6.0,0.9411
21_9,53.25,6.25,0.9718
21_10,53.25,6.5,0.9727
21_11,53.25,6.75,0.9663
21_12,53.25,7.0,0.8783
21_13,53.25,7.25,0.827
21_14,53.25,7.5,0.9355
21_15,53.25,7.75,0.996
21_16,53.25,8.0,0.9939
21_17,53.25,8.25,0.9854
21_18,53.25,8.5,0.9726
21_19,53.25,8.75,0.9829
21_20,53.25,9.0,0.9992
21_21,53.25,9.25,0.9991
21_22,53.25,9.5,0.9992
21_23,53.25,9.75,0.9997
21_24,53.25,10.0,0.9992
21_25,53.25,10.25,0.9972
21_26,53.25,10.5,0.9924
21_27,53.25,10.75,0.9852
21_28,53.25,11.0,0.9885
21_29,53.25,11.25,0.994
21_30,53.25,11.5,0.9966
21_31,53.25,11.75,0.9989
21_32,53.25,12.0,0.9983
21_33,53.25,12.25,0.9881
21_34,53.25,12.5,0.9607
21_35,53.25,12.75,0.9343
21_36,53.25,13.0,0.9088
21_37,53.25,13.25,0.9219
21_38,53.25,13.5,0.9448
22_0,53.0,4.0,0.0
22_1,53.0,4.25,0.0117
22_2,53.0,4.5,0.024
22_3,53.0,4.75,0.1598
22_4,53.0,5.0,0.2976
22_5,53.0,5.25,0.3796
22_6,53.0,5.5,0.5513
22_7,53.0,5.75,0.8073
22_8,53.0,6.0,0.9392
22_9,53.0,6.25,0.9885
22_10,53.0,6.5,0.994
22_11,53.0,6.75,0.9936
22_12,53.0,7.0,0.9944
22_13,53.0,7.25,0.9977
22_14,53.0,7.5,0.9958
22_15,53.0,7.75,0.995
22_16,53.0,8.0,0.9961
22_17,53.0,8.25,0.9948
22_18,53.0,8.5,0.9968
22_19,53.0,8.75,0.9956
22_20,53.0,9.0,0.9966
22_21,53.0,9.25,0.9983
22_22,53.0,9.5,0.9999
22_23,53.0,9.75,0.9996
22_24,53.0,10.0,0.9993
22_25,53.0,10.25,0.9995
22_26,53.0,10.5,0.9996
22_27,53.0,10.75,0.9996
22_28,53.0,11.0,0.9969
22_29,53.0,11.25,0.9931
22_30,53.0,11.5,0.9843
22_31,53.0,11.75,0.9795
22_32,53.0,12.0,0.9906
22_33,53.0,12.25,0.9941
22_34,53.0,12.5,0.9862
22_35,53.0,12.75,0.9733
22_36,53.0,13.0,0.9679
22_37,53.0,13.25,0.9673
22_38,53.0,13.5,0.9715
