series_id,network,cell_r,cell_w
DMI-05005-0,DMI,4_24,4_24
DMI-05009-0,DMI,4_24,4_23
DMI-05015-0,DMI,4_25,4_25
DMI-05031-0,DMI,5_25,5_28
DMI-05035-0,DMI,5_25,5_26
DMI-05042-0,DMI,6_25,6_25
DMI-05065-0,DMI,7_23,7_23
DMI-05070-0,DMI,7_25,7_25
DMI-05075-1,DMI,7_23,7_23
DMI-05081-0,DMI,6_22,6_22
DMI-05085-0,DMI,6_21,6_21
DMI-05089-0,DMI,6_21,5_20
DMI-05095-0,DMI,6_18,6_18
DMI-05105-0,DMI,7_19,7_19
DMI-05109-0,DMI,7_20,7_20
DMI-05135-0,DMI,9_22,9_22
DMI-05140-0,DMI,8_24,8_24
DMI-05150-0,DMI,8_26,8_26
DMI-05160-0,DMI,9_26,10_26
DMI-05165-0,DMI,10_25,11_26
DMI-05169-0,DMI,10_25,10_25
DMI-05185-0,DMI,9_23,9_23
DMI-05199-0,DMI,10_21,10_21
DMI-05202-0,DMI,10_22,10_22
DMI-05205-0,DMI,10_23,10_23
DMI-05220-0,DMI,11_24,11_24
DMI-05225-0,DMI,11_22,11_22
DMI-05269-0,DMI,11_20,11_20
DMI-05272-0,DMI,10_20,10_20
DMI-05276-0,DMI,10_21,10_21
DMI-05277-0,DMI,10_20,10_20
DMI-05290-1,DMI,7_18,7_18
DMI-05296-0,DMI,8_18,8_17
DMI-05300-0,DMI,9_17,9_17
DMI-05305-0,DMI,9_18,9_18
DMI-05320-0,DMI,11_19,11_19
DMI-05329-0,DMI,11_17,11_17
DMI-05343-0,DMI,12_20,12_20
DMI-05345-0,DMI,13_19,13_19
DMI-05350-0,DMI,14_19,14_19
DMI-05355-0,DMI,14_19,14_19
DMI-05365-0,DMI,14_22,14_22
DMI-05375-0,DMI,14_23,14_23
DMI-05381-0,DMI,13_21,13_21
DMI-05395-0,DMI,13_22,13_23
DMI-05400-0,DMI,12_24,12_24
DMI-05406-0,DMI,12_26,12_26
DMI-05408-0,DMI,12_25,12_25
DMI-05435-0,DMI,14_24,14_24
DMI-05440-0,DMI,13_26,14_26
DMI-05450-0,DMI,14_24,15_27
DMI-05455-0,DMI,13_27,14_27
DMI-05469-0,DMI,13_27,13_27
DMI-05469-1,DMI,13_27,13_27
DMI-05499-0,DMI,12_31,12_31
DMI-05505-0,DMI,12_31,12_31
DMI-05510-0,DMI,12_29,12_29
DMI-05510-1,DMI,12_29,12_29
DMI-05529-0,DMI,11_30,11_29
DMI-05537-0,DMI,11_30,11_30
DMI-05545-0,DMI,11_30,11_30
DMI-05575-0,DMI,10_34,10_33
DMI-05735-0,DMI,11_34,11_34
DMI-05880-0,DMI,13_33,13_34
DMI-05889-0,DMI,13_32,13_32
DMI-05935-0,DMI,13_31,14_31
DMI-05945-0,DMI,13_30,14_30
DMI-05960-0,DMI,13_30,15_29
DMI-05970-0,DMI,17_27,15_29
DMI-05986-0,DMI,13_33,14_34
DMI-05986-1,DMI,13_33,14_33
DMI-06019-0,DMI,6_18,6_19
DMI-06030-0,DMI,6_23,6_23
DMI-06031-0,DMI,5_24,5_24
DMI-06041-0,DMI,4_25,3_27
DMI-06051-0,DMI,7_18,7_17
DMI-06052-0,DMI,7_18,7_17
DMI-06058-1,DMI,10_18,10_17
DMI-06060-0,DMI,9_20,9_20
DMI-06065-1,DMI,7_22,7_22
DMI-06068-0,DMI,10_21,10_21
DMI-06069-0,DMI,8_22,8_22
DMI-06070-0,DMI,9_27,9_27
DMI-06072-0,DMI,9_25,9_25
DMI-06074-1,DMI,10_25,10_25
DMI-06079-2,DMI,8_26,7_30
DMI-06080-0,DMI,12_18,12_18
DMI-06082-0,DMI,10_18,10_18
DMI-06088-0,DMI,12_18,12_18
DMI-06102-0,DMI,11_23,11_23
DMI-06104-0,DMI,11_21,11_21
DMI-06109-0,DMI,12_20,12_20
DMI-06110-0,DMI,13_21,13_21
DMI-06116-0,DMI,14_20,14_20
DMI-06119-0,DMI,14_24,15_24
DMI-06120-0,DMI,12_25,12_25
DMI-06126-0,DMI,13_26,13_26
DMI-06135-0,DMI,13_30,13_30
DMI-06136-0,DMI,13_30,13_29
DMI-06138-0,DMI,13_27,15_28
DMI-06141-0,DMI,13_30,15_29
DMI-06147-1,DMI,13_33,14_33
DMI-06149-1,DMI,17_34,16_32
DMI-06154-0,DMI,13_31,13_31
DMI-06156-1,DMI,11_30,11_30
DMI-06159-0,DMI,12_26,11_27
DMI-06169-0,DMI,11_30,10_29
DMI-06170-0,DMI,12_33,12_33
DMI-06174-1,DMI,12_33,12_33
DMI-06180-0,DMI,11_35,12_35
DMI-06188-0,DMI,10_34,10_34
DMI-20000-0,DMI,4_25,3_27
DMI-20010-1,DMI,4_25,3_26
DMI-20020-5,DMI,4_25,4_25
DMI-20050-0,DMI,4_24,4_24
DMI-20052-1,DMI,4_24,4_24
DMI-20058-3,DMI,4_24,4_24
DMI-20060-3,DMI,4_24,4_24
DMI-20065-0,DMI,4_24,4_24
DMI-20079-0,DMI,4_25,4_25
DMI-20079-1,DMI,4_25,4_25
DMI-20100-5,DMI,4_25,4_26
DMI-20120-1,DMI,5_25,5_26
DMI-20127-1,DMI,5_25,5_25
DMI-20140-0,DMI,5_25,5_25
DMI-20150-4,DMI,5_25,5_25
DMI-20153-1,DMI,5_24,5_24
DMI-20160-0,DMI,5_24,5_24
DMI-20182-0,DMI,5_23,5_23
DMI-20182-1,DMI,5_23,5_23
DMI-20195-3,DMI,5_23,5_23
DMI-20195-4,DMI,5_23,5_23
DMI-20199-0,DMI,5_23,5_23
DMI-20210-0,DMI,5_24,5_24
DMI-20210-1,DMI,5_24,5_24
DMI-20213-1,DMI,6_24,6_24
DMI-20219-0,DMI,5_25,5_25
DMI-20223-0,DMI,5_25,5_25
DMI-20225-0,DMI,5_25,5_25
DMI-20240-1,DMI,6_25,6_25
DMI-20240-2,DMI,6_25,6_25
DMI-20270-0,DMI,6_25,6_25
DMI-20272-0,DMI,6_25,6_25
DMI-20280-0,DMI,6_25,6_25
DMI-20286-0,DMI,7_25,7_25
DMI-20291-0,DMI,6_24,6_24
DMI-20292-0,DMI,6_24,6_24
DMI-20300-2,DMI,6_24,6_24
DMI-20300-3,DMI,6_24,6_24
DMI-20320-2,DMI,6_22,6_22
DMI-20330-1,DMI,6_22,6_22
DMI-20340-0,DMI,6_22,5_22
DMI-20352-0,DMI,6_21,5_21
DMI-20370-0,DMI,6_21,5_21
DMI-20390-2,DMI,6_21,6_21
DMI-20410-0,DMI,6_21,6_20
DMI-20415-0,DMI,6_21,6_21
DMI-20430-1,DMI,6_21,6_21
DMI-20440-0,DMI,6_22,6_22
DMI-20453-0,DMI,6_23,6_23
DMI-20455-1,DMI,6_23,6_23
DMI-20457-0,DMI,6_23,6_23
DMI-20460-1,DMI,6_23,6_23
DMI-20470-1,DMI,6_23,6_23
DMI-20480-0,DMI,6_22,6_22
DMI-20490-0,DMI,6_22,6_22
DMI-20510-0,DMI,7_21,7_21
DMI-20530-1,DMI,7_21,7_21
DMI-20540-3,DMI,7_22,7_22
DMI-20560-1,DMI,7_23,7_23
DMI-20560-2,DMI,7_22,7_22
DMI-20562-0,DMI,8_23,8_23
DMI-20563-0,DMI,8_23,8_23
DMI-20565-0,DMI,7_23,7_23
DMI-20565-1,DMI,7_23,7_23
DMI-20570-1,DMI,7_23,7_23
DMI-20570-2,DMI,7_23,7_23
DMI-20610-2,DMI,7_24,7_24
DMI-20620-1,DMI,7_24,7_24
DMI-20640-0,DMI,7_24,7_24
DMI-21012-0,DMI,6_18,6_19
DMI-21030-0,DMI,6_21,6_20
DMI-21050-1,DMI,6_18,6_19
DMI-21055-0,DMI,6_18,6_19
DMI-21056-0,DMI,6_18,6_18
DMI-21060-0,DMI,6_18,6_19
DMI-21085-0,DMI,7_18,7_17
DMI-21090-0,DMI,7_18,7_17
DMI-21100-0,DMI,7_18,7_17
DMI-21110-2,DMI,7_18,7_18
DMI-21125-0,DMI,7_18,7_18
DMI-21130-2,DMI,7_19,7_19
DMI-21140-1,DMI,7_19,7_19
DMI-21140-2,DMI,7_19,7_19
DMI-21145-0,DMI,7_19,7_19
DMI-21149-0,DMI,7_20,7_20
DMI-21165-0,DMI,7_20,7_20
DMI-21170-2,DMI,7_20,7_20
DMI-21175-0,DMI,8_19,8_19
DMI-21180-0,DMI,7_20,7_20
DMI-21200-1,DMI,8_20,8_20
DMI-21217-0,DMI,8_21,8_21
DMI-21220-0,DMI,8_21,8_21
DMI-21230-1,DMI,7_21,7_21
DMI-21240-1,DMI,7_22,7_22
DMI-21245-0,DMI,7_22,7_22
DMI-21260-0,DMI,8_22,8_22
DMI-21265-0,DMI,8_22,8_22
DMI-21280-2,DMI,8_23,8_23
DMI-21295-0,DMI,8_22,8_22
DMI-21302-0,DMI,8_22,8_22
DMI-21310-1,DMI,8_21,8_21
DMI-21312-0,DMI,8_22,8_22
DMI-21320-0,DMI,8_20,8_20
DMI-21360-0,DMI,9_20,9_20
DMI-21370-2,DMI,9_21,9_21
DMI-21380-2,DMI,9_21,9_21
DMI-21400-1,DMI,9_21,9_21
DMI-21405-0,DMI,8_22,8_22
DMI-21433-0,DMI,9_22,9_22
DMI-21440-0,DMI,9_22,9_22
DMI-21460-0,DMI,8_23,8_23
DMI-21471-0,DMI,9_23,9_23
DMI-21471-1,DMI,9_23,9_23
DMI-22005-0,DMI,7_25,7_25
DMI-22007-1,DMI,7_25,7_25
DMI-22015-1,DMI,8_24,8_24
DMI-22030-3,DMI,8_24,8_24
DMI-22030-4,DMI,7_24,7_24
DMI-22045-0,DMI,8_24,8_24
DMI-22045-1,DMI,8_24,8_24
DMI-22060-1,DMI,8_24,8_24
DMI-22062-0,DMI,8_25,8_25
DMI-22065-0,DMI,8_25,8_25
DMI-22065-1,DMI,8_25,8_25
DMI-22075-0,DMI,8_26,8_26
DMI-22090-0,DMI,8_26,8_27
DMI-22095-2,DMI,8_26,8_26
DMI-22100-0,DMI,8_26,8_27
DMI-22102-0,DMI,8_26,8_27
DMI-22130-1,DMI,9_27,8_27
DMI-22140-0,DMI,9_27,9_27
DMI-22140-2,DMI,9_27,9_27
DMI-22145-0,DMI,9_27,9_27
DMI-22150-5,DMI,9_27,9_27
DMI-22165-0,DMI,9_26,9_26
DMI-22202-0,DMI,8_26,8_26
DMI-22208-1,DMI,9_26,9_26
DMI-22212-0,DMI,9_26,9_26
DMI-22216-0,DMI,8_25,8_25
DMI-22230-1,DMI,9_25,9_25
DMI-22244-0,DMI,8_24,8_24
DMI-22245-0,DMI,8_24,8_24
DMI-22250-2,DMI,9_24,9_24
DMI-22260-4,DMI,9_23,9_23
DMI-22265-0,DMI,9_23,9_23
DMI-22280-0,DMI,9_24,9_24
DMI-22320-1,DMI,9_25,9_25
DMI-22320-2,DMI,9_25,9_25
DMI-22360-0,DMI,10_25,10_25
DMI-22375-0,DMI,9_24,9_24
DMI-22390-0,DMI,9_24,9_24
DMI-22392-0,DMI,10_24,10_24
DMI-22420-3,DMI,9_22,9_22
DMI-22435-0,DMI,9_22,9_22
DMI-22450-0,DMI,10_21,10_21
DMI-22500-1,DMI,10_23,10_23
DMI-22502-0,DMI,10_23,10_23
DMI-22520-3,DMI,10_23,10_23
DMI-22530-0,DMI,10_24,10_24
DMI-22540-0,DMI,10_24,10_24
DMI-22563-0,DMI,10_24,10_24
DMI-22564-0,DMI,10_24,10_24
DMI-22570-0,DMI,10_25,10_25
DMI-22590-2,DMI,10_25,10_25
DMI-22600-0,DMI,10_25,10_25
DMI-23020-1,DMI,10_21,10_21
DMI-23030-0,DMI,10_21,10_21
DMI-23050-1,DMI,10_22,10_22
DMI-23050-2,DMI,10_22,10_22
DMI-23060-1,DMI,10_22,10_22
DMI-23090-2,DMI,10_22,10_22
DMI-23095-0,DMI,10_22,10_22
DMI-23100-0,DMI,10_23,10_23
DMI-23120-0,DMI,10_24,10_24
DMI-23125-0,DMI,11_24,11_24
DMI-23130-0,DMI,11_24,11_24
DMI-23135-1,DMI,11_24,11_24
DMI-23145-1,DMI,11_23,11_23
DMI-23154-0,DMI,11_23,11_23
DMI-23200-0,DMI,10_22,10_22
DMI-23220-1,DMI,11_21,11_21
DMI-23230-2,DMI,11_21,11_21
DMI-23250-0,DMI,11_22,11_22
DMI-23260-0,DMI,11_22,11_22
DMI-23270-1,DMI,11_23,11_23
DMI-23297-0,DMI,12_23,12_23
DMI-23300-0,DMI,12_22,12_22
DMI-23309-3,DMI,11_21,11_21
DMI-23310-0,DMI,12_22,12_22
DMI-23320-1,DMI,12_22,12_22
DMI-23320-3,DMI,12_22,12_22
DMI-23330-2,DMI,12_22,12_22
DMI-23335-0,DMI,12_21,12_21
DMI-23350-1,DMI,12_22,12_22
DMI-23350-2,DMI,12_22,12_22
DMI-24020-2,DMI,8_18,8_17
DMI-24030-0,DMI,8_18,8_17
DMI-24050-2,DMI,8_18,8_18
DMI-24060-1,DMI,8_20,8_20
DMI-24070-0,DMI,8_20,8_20
DMI-24080-0,DMI,9_20,9_20
DMI-24093-0,DMI,9_19,9_19
DMI-24097-1,DMI,8_19,8_19
DMI-24105-0,DMI,9_18,9_18
DMI-24108-0,DMI,8_18,8_18
DMI-24110-0,DMI,8_18,8_18
DMI-24121-0,DMI,8_18,8_17
DMI-24130-1,DMI,9_17,9_17
DMI-24140-2,DMI,9_17,9_17
DMI-24142-0,DMI,9_17,9_17
DMI-24148-0,DMI,9_17,9_17
DMI-24160-1,DMI,9_18,9_18
DMI-24170-2,DMI,9_18,9_18
DMI-24180-2,DMI,9_19,9_19
DMI-24180-3,DMI,9_19,9_19
DMI-24200-0,DMI,9_19,9_19
DMI-24220-1,DMI,9_20,9_20
DMI-24240-2,DMI,9_20,9_20
DMI-24270-1,DMI,9_21,9_21
DMI-24280-0,DMI,9_21,9_21
DMI-24280-1,DMI,9_21,9_21
DMI-24290-0,DMI,9_20,9_20
DMI-24305-0,DMI,9_19,9_19
DMI-24310-1,DMI,10_18,10_18
DMI-24310-2,DMI,10_19,10_19
DMI-24315-0,DMI,10_18,10_18
DMI-24330-0,DMI,9_17,10_17
DMI-24340-0,DMI,9_17,10_16
DMI-24352-0,DMI,11_17,11_17
DMI-24355-0,DMI,10_18,10_18
DMI-24358-0,DMI,10_18,10_18
DMI-24393-0,DMI,10_19,10_19
DMI-24400-0,DMI,10_20,10_20
DMI-24426-0,DMI,10_21,10_21
DMI-24459-1,DMI,10_20,10_20
DMI-24470-1,DMI,10_20,10_20
DMI-24485-0,DMI,10_20,10_20
DMI-24500-0,DMI,11_19,11_19
DMI-24500-1,DMI,11_19,11_19
DMI-24510-0,DMI,11_18,11_18
DMI-25030-0,DMI,11_20,11_20
DMI-25034-0,DMI,11_18,11_18
DMI-25039-1,DMI,11_18,11_18
DMI-25043-0,DMI,11_17,11_17
DMI-25060-0,DMI,11_17,11_17
DMI-25075-0,DMI,11_17,11_17
DMI-25089-0,DMI,11_17,12_17
DMI-25090-1,DMI,11_17,12_17
DMI-25110-0,DMI,11_17,12_16
DMI-25110-1,DMI,11_17,12_17
DMI-25138-0,DMI,12_18,13_17
DMI-25140-0,DMI,12_18,12_18
DMI-25145-0,DMI,12_18,13_18
DMI-25172-0,DMI,12_18,12_17
DMI-25180-3,DMI,11_18,11_18
DMI-25180-4,DMI,12_18,12_18
DMI-25185-1,DMI,12_18,12_18
DMI-25193-3,DMI,11_19,11_19
DMI-25195-0,DMI,11_19,11_19
DMI-25200-3,DMI,12_19,12_19
DMI-25201-0,DMI,12_19,12_19
DMI-25220-0,DMI,12_20,12_20
DMI-25230-2,DMI,11_20,11_20
DMI-25235-0,DMI,11_20,11_20
DMI-25245-0,DMI,11_20,11_20
DMI-25260-1,DMI,12_21,12_21
DMI-25275-0,DMI,12_20,12_20
DMI-25282-0,DMI,12_20,12_20
DMI-25300-0,DMI,12_20,12_20
DMI-25319-0,DMI,12_19,12_19
DMI-25325-1,DMI,12_18,12_18
DMI-25335-1,DMI,12_19,12_19
DMI-25350-0,DMI,13_19,13_19
DMI-25360-0,DMI,13_20,13_20
DMI-26010-0,DMI,12_21,12_21
DMI-26014-0,DMI,12_20,12_20
DMI-26020-0,DMI,13_20,13_20
DMI-26040-0,DMI,13_21,13_21
DMI-26050-0,DMI,13_21,13_21
DMI-26060-0,DMI,13_21,13_21
DMI-26070-2,DMI,13_22,13_22
DMI-26075-0,DMI,13_22,13_23
DMI-26080-0,DMI,13_22,13_23
DMI-26090-1,DMI,13_22,13_22
DMI-26120-0,DMI,13_20,13_20
DMI-26130-0,DMI,13_19,13_18
DMI-26135-0,DMI,14_19,14_18
DMI-26140-3,DMI,13_19,13_19
DMI-26150-1,DMI,13_19,13_19
DMI-26170-0,DMI,13_20,13_20
DMI-26190-1,DMI,13_20,13_20
DMI-26206-0,DMI,13_21,13_21
DMI-26210-0,DMI,13_21,13_21
DMI-26230-0,DMI,13_22,13_22
DMI-26240-2,DMI,14_22,14_22
DMI-26244-0,DMI,14_21,14_21
DMI-26260-0,DMI,14_21,14_21
DMI-26287-0,DMI,14_20,14_20
DMI-26290-2,DMI,14_20,14_20
DMI-26321-1,DMI,14_20,14_20
DMI-26335-1,DMI,14_19,14_19
DMI-26340-0,DMI,14_19,14_19
DMI-26350-0,DMI,14_19,14_19
DMI-26373-0,DMI,14_19,14_19
DMI-26375-0,DMI,14_19,14_19
DMI-26380-0,DMI,14_19,14_19
DMI-26380-1,DMI,14_19,14_19
DMI-26400-0,DMI,14_21,14_21
DMI-26407-0,DMI,14_22,14_22
DMI-26409-0,DMI,14_21,14_21
DMI-26420-2,DMI,15_21,15_21
DMI-26430-0,DMI,15_23,15_23
DMI-26440-2,DMI,14_22,14_22
DMI-26445-1,DMI,14_22,14_22
DMI-26447-0,DMI,14_22,14_22
DMI-26455-0,DMI,14_23,14_23
DMI-26460-1,DMI,14_24,14_24
DMI-26470-0,DMI,14_23,14_23
DMI-26472-0,DMI,14_23,14_23
DMI-26489-0,DMI,14_24,14_24
DMI-27006-0,DMI,4_32,5_29
DMI-27006-2,DMI,5_25,5_29
DMI-27008-0,DMI,5_25,5_28
DMI-27010-1,DMI,5_25,5_28
DMI-27020-2,DMI,6_34,7_30
DMI-27030-0,DMI,11_31,9_31
DMI-27040-0,DMI,10_25,10_26
DMI-27055-0,DMI,10_25,10_26
DMI-27070-2,DMI,10_25,10_26
DMI-27080-1,DMI,10_25,11_26
DMI-27090-0,DMI,12_26,11_26
DMI-27120-0,DMI,11_24,11_25
DMI-28010-2,DMI,12_24,12_24
DMI-28010-3,DMI,12_24,12_24
DMI-28030-0,DMI,12_25,12_25
DMI-28030-1,DMI,12_25,12_25
DMI-28050-2,DMI,12_26,12_27
DMI-28050-3,DMI,12_26,12_27
DMI-28095-0,DMI,12_25,12_25
DMI-28120-1,DMI,12_23,12_23
DMI-28130-0,DMI,12_23,12_23
DMI-28133-1,DMI,12_23,12_23
DMI-28150-0,DMI,12_24,12_24
DMI-28161-0,DMI,12_25,12_25
DMI-28170-0,DMI,13_26,13_26
DMI-28190-3,DMI,12_26,12_26
DMI-28200-1,DMI,12_26,12_27
DMI-28200-2,DMI,12_26,12_27
DMI-28218-0,DMI,13_26,13_26
DMI-28240-0,DMI,13_27,13_27
DMI-28260-0,DMI,13_26,13_26
DMI-28275-0,DMI,13_26,13_26
DMI-28275-1,DMI,13_26,13_26
DMI-28300-0,DMI,13_25,13_25
DMI-28310-1,DMI,13_25,13_25
DMI-28320-0,DMI,13_25,13_25
DMI-28325-2,DMI,13_25,13_25
DMI-28335-0,DMI,13_25,13_25
DMI-28340-3,DMI,13_24,13_24
DMI-28342-1,DMI,13_24,13_24
DMI-28350-0,DMI,13_24,13_24
DMI-28359-0,DMI,13_24,13_24
DMI-28370-2,DMI,13_24,13_23
DMI-28390-0,DMI,13_25,13_25
DMI-28400-0,DMI,13_25,13_25
DMI-28400-1,DMI,13_25,13_25
DMI-28406-1,DMI,13_26,14_26
DMI-28406-2,DMI,13_26,14_26
DMI-28420-1,DMI,13_26,13_26
DMI-28428-0,DMI,13_27,13_27
DMI-28430-1,DMI,13_27,13_27
DMI-28438-0,DMI,13_27,13_27
DMI-28440-0,DMI,13_27,13_27
DMI-28440-1,DMI,13_27,13_27
DMI-28460-1,DMI,13_26,14_26
DMI-28485-1,DMI,14_24,14_25
DMI-28495-0,DMI,14_24,14_25
DMI-28500-1,DMI,14_24,15_25
DMI-28510-2,DMI,14_24,15_26
DMI-28535-1,DMI,13_26,14_26
DMI-28565-0,DMI,13_27,15_27
DMI-28570-0,DMI,13_27,15_27
DMI-28600-3,DMI,13_27,14_27
DMI-28600-4,DMI,13_27,14_27
DMI-28630-0,DMI,13_27,13_28
DMI-28640-0,DMI,13_27,13_28
DMI-29005-0,DMI,11_31,10_31
DMI-29010-0,DMI,11_30,10_29
DMI-29013-0,DMI,11_30,10_30
DMI-29013-1,DMI,11_30,10_30
DMI-29017-0,DMI,11_30,10_30
DMI-29030-2,DMI,11_31,11_31
DMI-29040-1,DMI,11_31,11_31
DMI-29045-0,DMI,12_31,12_31
DMI-29062-0,DMI,11_30,11_30
DMI-29062-1,DMI,11_30,11_30
DMI-29070-0,DMI,11_30,11_30
DMI-29075-0,DMI,11_31,11_31
DMI-29080-1,DMI,11_30,11_30
DMI-29080-2,DMI,11_30,11_30
DMI-29082-0,DMI,11_30,11_29
DMI-29082-1,DMI,11_30,11_29
DMI-29090-2,DMI,11_30,10_29
DMI-29090-3,DMI,11_30,10_29
DMI-29136-0,DMI,12_29,11_28
DMI-29150-0,DMI,12_29,11_28
DMI-29162-0,DMI,12_29,11_29
DMI-29162-1,DMI,12_29,11_29
DMI-29168-0,DMI,11_30,11_29
DMI-29170-4,DMI,12_29,11_29
DMI-29180-0,DMI,12_29,12_29
DMI-29185-2,DMI,12_30,12_30
DMI-29199-0,DMI,12_30,12_30
DMI-29209-0,DMI,12_31,12_31
DMI-29230-0,DMI,12_31,12_31
DMI-29250-0,DMI,13_32,13_32
DMI-29258-0,DMI,13_32,13_32
DMI-29258-1,DMI,13_31,13_31
DMI-29275-0,DMI,12_30,12_30
DMI-29290-2,DMI,12_30,12_30
DMI-29290-3,DMI,12_30,12_30
DMI-29300-0,DMI,12_30,12_30
DMI-29320-3,DMI,12_29,12_29
DMI-29335-0,DMI,12_29,12_28
DMI-29350-2,DMI,12_29,12_29
DMI-29355-1,DMI,12_29,12_29
DMI-29360-0,DMI,12_29,12_29
DMI-29380-0,DMI,12_29,13_29
DMI-29400-1,DMI,12_29,13_29
DMI-29410-0,DMI,12_29,13_28
DMI-29441-0,DMI,13_30,13_29
DMI-29450-1,DMI,13_30,13_30
DMI-29455-0,DMI,13_30,13_30
DMI-29465-1,DMI,13_30,13_30
DMI-29467-1,DMI,13_30,13_30
DMI-30010-0,DMI,10_34,10_33
DMI-30019-0,DMI,10_34,10_34
DMI-30026-0,DMI,10_34,10_34
DMI-30030-0,DMI,10_34,10_34
DMI-30050-2,DMI,10_34,10_34
DMI-30055-1,DMI,10_34,10_34
DMI-30070-0,DMI,10_34,10_33
DMI-30075-0,DMI,10_34,10_33
DMI-30078-0,DMI,10_34,10_33
DMI-30081-1,DMI,10_34,10_33
DMI-30081-2,DMI,10_34,10_33
DMI-30087-0,DMI,10_34,10_32
DMI-30089-0,DMI,10_34,10_32
DMI-30105-0,DMI,11_32,10_32
DMI-30108-0,DMI,11_32,10_32
DMI-30122-0,DMI,11_32,11_32
DMI-30123-0,DMI,11_32,11_32
DMI-30130-0,DMI,11_32,11_32
DMI-30140-1,DMI,11_33,11_33
DMI-30146-0,DMI,11_32,10_32
DMI-30148-0,DMI,11_32,10_32
DMI-30164-0,DMI,11_33,11_33
DMI-30180-0,DMI,10_34,10_33
DMI-30186-0,DMI,11_34,11_34
DMI-30188-0,DMI,10_34,10_34
DMI-30214-0,DMI,11_34,11_34
DMI-30216-0,DMI,11_34,11_34
DMI-30230-0,DMI,11_34,11_34
DMI-30240-0,DMI,11_33,11_33
DMI-30275-0,DMI,11_33,11_33
DMI-30290-0,DMI,11_33,11_33
DMI-30300-0,DMI,11_33,11_33
DMI-30310-0,DMI,11_34,11_34
DMI-30320-0,DMI,11_34,11_34
DMI-30360-0,DMI,11_35,12_35
DMI-30370-0,DMI,11_34,11_34
DMI-30382-0,DMI,11_34,12_34
DMI-30390-1,DMI,12_33,12_33
DMI-30410-2,DMI,12_32,12_32
DMI-30430-0,DMI,12_32,12_32
DMI-30435-0,DMI,11_32,11_32
DMI-30440-0,DMI,12_32,12_32
DMI-30450-0,DMI,12_32,12_32
DMI-30455-0,DMI,12_33,12_33
DMI-30470-0,DMI,12_32,12_32
DMI-30480-0,DMI,12_33,12_33
DMI-30483-0,DMI,13_32,13_32
DMI-30490-1,DMI,12_33,12_33
DMI-30510-0,DMI,13_33,13_33
DMI-31010-0,DMI,13_33,13_34
DMI-31060-0,DMI,13_33,13_33
DMI-31080-1,DMI,13_33,13_33
DMI-31095-0,DMI,13_33,13_33
DMI-31110-0,DMI,13_32,13_32
DMI-31120-1,DMI,13_32,13_32
DMI-31141-0,DMI,13_31,13_31
DMI-31149-0,DMI,13_31,13_31
DMI-31160-3,DMI,13_31,13_31
DMI-31164-0,DMI,13_31,13_31
DMI-31164-1,DMI,13_31,13_31
DMI-31170-0,DMI,13_31,13_31
DMI-31170-2,DMI,13_31,13_31
DMI-31210-0,DMI,13_32,13_32
DMI-31218-0,DMI,13_32,14_32
DMI-31225-1,DMI,13_32,14_32
DMI-31230-1,DMI,13_32,14_32
DMI-31230-2,DMI,13_31,14_31
DMI-31240-0,DMI,13_32,14_32
DMI-31260-2,DMI,13_33,14_34
DMI-31260-3,DMI,13_33,14_34
DMI-31265-0,DMI,13_33,14_33
DMI-31270-1,DMI,13_33,14_33
DMI-31270-2,DMI,13_33,14_33
DMI-31285-1,DMI,13_33,14_33
DMI-31305-0,DMI,13_32,14_32
DMI-31329-0,DMI,13_30,14_30
DMI-31360-1,DMI,13_30,15_29
DMI-31362-0,DMI,13_30,14_29
DMI-31363-0,DMI,13_30,14_29
DMI-31370-0,DMI,13_30,14_29
DMI-31380-0,DMI,13_27,14_28
DMI-31390-2,DMI,13_30,14_29
DMI-31404-0,DMI,13_30,15_29
DMI-31415-1,DMI,13_27,15_28
DMI-31420-0,DMI,13_30,15_29
DMI-31428-0,DMI,13_30,15_29
DMI-31430-1,DMI,13_30,15_29
DMI-31440-0,DMI,13_30,15_30
DMI-31460-1,DMI,13_31,15_31
DMI-31470-2,DMI,13_31,14_31
DMI-31480-2,DMI,13_31,15_31
DMI-31485-0,DMI,13_32,15_32
DMI-31492-0,DMI,13_32,15_32
DMI-31492-1,DMI,13_32,15_32
DMI-31500-2,DMI,13_32,15_32
DMI-31500-3,DMI,13_32,15_32
DMI-31510-0,DMI,13_32,15_32
DMI-31510-1,DMI,13_32,15_32
DMI-31520-1,DMI,13_32,15_32
DMI-31522-0,DMI,13_31,15_31
DMI-31525-0,DMI,13_31,15_31
DMI-31530-0,DMI,13_31,15_31
DMI-31540-1,DMI,13_30,15_30
DMI-31542-0,DMI,13_30,15_30
DMI-31560-0,DMI,17_27,15_29
DMI-31593-0,DMI,13_30,15_30
DMI-31595-1,DMI,17_27,16_30
DMI-31602-0,DMI,17_27,15_30
DMI-31610-1,DMI,13_31,15_31
DMI-31614-0,DMI,17_34,16_32
DMI-31617-1,DMI,17_34,16_32
DMI-31622-0,DMI,17_34,16_32
DMI-31622-1,DMI,17_34,16_32
DMI-31625-0,DMI,17_34,16_32
DWD-00052-0,DWD,19_25,19_25
DWD-00066-0,DWD,17_21,17_21
DWD-00094-0,DWD,21_29,21_29
DWD-00119-0,DWD,17_35,17_35
DWD-00199-0,DWD,20_26,20_26
DWD-00243-2,DWD,20_14,20_14
DWD-00244-0,DWD,20_14,20_14
DWD-00245-0,DWD,20_14,20_14
DWD-00245-1,DWD,20_14,20_14
DWD-00289-2,DWD,19_25,19_25
DWD-00291-0,DWD,20_31,20_31
DWD-00297-0,DWD,18_32,18_32
DWD-00298-10,DWD,17_35,17_35
DWD-00298-11,DWD,17_35,17_35
DWD-00298-12,DWD,17_35,17_35
DWD-00298-14,DWD,17_35,17_35
DWD-00298-4,DWD,17_35,17_35
DWD-00298-5,DWD,17_35,17_35
DWD-00298-6,DWD,17_35,17_35
DWD-00298-8,DWD,17_35,17_35
DWD-00304-1,DWD,20_20,20_20
DWD-00312-0,DWD,19_32,19_32
DWD-00312-1,DWD,19_32,19_32
DWD-00312-2,DWD,19_32,19_32
DWD-00462-0,DWD,18_21,18_21
DWD-00529-0,DWD,17_34,17_33
DWD-00561-0,DWD,21_16,21_16
DWD-00561-1,DWD,21_16,21_16
DWD-00561-2,DWD,21_16,21_16
DWD-00580-0,DWD,20_35,20_35
DWD-00581-0,DWD,18_32,18_32
DWD-00581-1,DWD,18_32,18_32
DWD-00590-0,DWD,19_32,19_32
DWD-00590-1,DWD,19_32,19_32
DWD-00591-10,DWD,20_27,20_27
DWD-00591-11,DWD,20_27,20_27
DWD-00591-12,DWD,20_27,20_27
DWD-00591-5,DWD,20_27,20_27
DWD-00591-6,DWD,20_27,20_27
DWD-00591-7,DWD,20_27,20_27
DWD-00591-8,DWD,20_27,20_27
DWD-00591-9,DWD,20_27,20_27
DWD-00596-10,DWD,18_28,18_29
DWD-00596-11,DWD,18_28,18_29
DWD-00596-5,DWD,18_28,18_29
DWD-00596-6,DWD,18_28,18_29
DWD-00596-7,DWD,18_28,18_29
DWD-00596-8,DWD,18_28,18_29
DWD-00596-9,DWD,18_28,18_29
DWD-00611-0,DWD,17_24,17_24
DWD-00619-3,DWD,20_12,20_11
DWD-00625-0,DWD,18_25,18_25
DWD-00628-1,DWD,19_25,19_25
DWD-00629-0,DWD,18_26,18_26
DWD-00646-0,DWD,18_24,18_24
DWD-00648-0,DWD,19_23,19_23
DWD-00664-0,DWD,15_23,15_23
DWD-00671-0,DWD,16_20,16_20
DWD-00688-0,DWD,16_23,16_23
DWD-00701-11,DWD,20_18,20_18
DWD-00701-12,DWD,20_18,20_18
DWD-00701-2,DWD,20_18,20_18
DWD-00701-4,DWD,20_18,20_18
DWD-00701-5,DWD,20_18,20_18
DWD-00701-6,DWD,20_18,20_18
DWD-00701-7,DWD,20_18,20_18
DWD-00701-9,DWD,20_18,20_18
DWD-00704-3,DWD,20_21,20_21
DWD-00704-4,DWD,20_21,20_21
DWD-00704-5,DWD,20_21,20_21
DWD-00704-6,DWD,20_21,20_21
DWD-00705-1,DWD,20_21,20_21
DWD-00726-0,DWD,18_23,18_23
DWD-00741-0,DWD,19_31,19_31
DWD-00747-2,DWD,18_21,18_21
DWD-00747-3,DWD,18_21,18_21
DWD-00750-0,DWD,20_27,20_27
DWD-00760-0,DWD,21_24,21_24
DWD-00760-3,DWD,21_24,21_24
DWD-00761-0,DWD,18_21,18_21
DWD-00791-2,DWD,15_20,15_20
DWD-00791-3,DWD,15_20,15_20
DWD-00791-4,DWD,15_20,15_20
DWD-00792-0,DWD,19_32,19_32
DWD-00794-0,DWD,19_23,19_23
DWD-00799-0,DWD,17_27,16_29
DWD-00827-3,DWD,20_17,20_17
DWD-00839-0,DWD,19_28,19_28
DWD-00839-1,DWD,19_28,19_28
DWD-00839-2,DWD,19_28,19_28
DWD-00889-1,DWD,20_31,20_31
DWD-00891-1,DWD,19_19,19_19
DWD-00891-2,DWD,19_19,19_19
DWD-00891-3,DWD,19_19,19_19
DWD-00891-4,DWD,19_19,19_19
DWD-00891-6,DWD,19_19,19_19
DWD-00891-7,DWD,19_19,19_19
DWD-00892-0,DWD,19_19,19_19
DWD-00893-0,DWD,19_32,19_32
DWD-00893-1,DWD,19_32,19_32
DWD-00900-0,DWD,15_19,15_19
DWD-00915-1,DWD,18_35,18_35
DWD-00939-8,DWD,18_36,18_36
DWD-00946-0,DWD,20_28,20_28
DWD-00968-0,DWD,20_32,20_32
DWD-00999-0,DWD,18_32,18_32
DWD-01000-1,DWD,18_31,17_31
DWD-01016-1,DWD,15_23,15_23
DWD-01016-2,DWD,15_23,15_23
DWD-01017-0,DWD,20_31,20_31
DWD-01030-0,DWD,20_14,19_14
DWD-01030-1,DWD,20_14,19_14
DWD-01030-2,DWD,20_14,19_14
DWD-01056-1,DWD,19_22,19_22
DWD-01056-2,DWD,19_22,19_22
DWD-01056-3,DWD,19_22,19_22
DWD-01115-0,DWD,16_23,16_23
DWD-01115-1,DWD,16_23,16_23
DWD-01130-0,DWD,16_21,16_21
DWD-01130-1,DWD,15_21,15_21
DWD-01130-2,DWD,15_21,15_21
DWD-01189-0,DWD,16_24,16_24
DWD-01199-0,DWD,18_32,17_32
DWD-01200-0,DWD,18_20,18_20
DWD-01200-1,DWD,18_20,18_20
DWD-01200-2,DWD,18_20,18_20
DWD-01200-3,DWD,18_20,18_20
DWD-01200-4,DWD,18_20,18_20
DWD-01219-0,DWD,21_13,21_13
DWD-01220-0,DWD,21_13,21_13
DWD-01266-3,DWD,17_21,17_21
DWD-01266-4,DWD,17_21,17_21
DWD-01266-5,DWD,17_21,17_21
DWD-01266-6,DWD,17_21,17_21
DWD-01299-0,DWD,20_14,19_14
DWD-01329-2,DWD,17_26,17_26
DWD-01362-0,DWD,18_35,18_35
DWD-01376-0,DWD,20_24,20_24
DWD-01378-0,DWD,15_22,15_22
DWD-01379-3,DWD,15_22,15_22
DWD-01394-0,DWD,17_22,17_22
DWD-01429-0,DWD,17_36,17_36
DWD-01451-3,DWD,19_21,19_21
DWD-01451-4,DWD,19_21,19_21
DWD-01451-5,DWD,19_21,19_21
DWD-01480-0,DWD,20_15,20_15
DWD-01494-3,DWD,18_20,18_20
DWD-01494-4,DWD,18_20,18_20
DWD-01495-0,DWD,20_31,20_31
DWD-01495-1,DWD,20_31,20_31
DWD-01495-2,DWD,20_31,20_31
DWD-01496-0,DWD,16_20,16_20
DWD-01532-1,DWD,19_28,19_28
DWD-01543-0,DWD,20_33,20_33
DWD-01543-1,DWD,20_33,20_33
DWD-01546-1,DWD,17_20,17_19
DWD-01562-0,DWD,20_25,20_25
DWD-01665-0,DWD,15_22,15_22
DWD-01666-0,DWD,15_22,15_22
DWD-01666-1,DWD,15_22,15_22
DWD-01666-2,DWD,15_22,15_22
DWD-01667-2,DWD,19_22,19_22
DWD-01668-0,DWD,21_20,21_20
DWD-01669-0,DWD,19_36,19_36
DWD-01669-1,DWD,19_36,19_36
DWD-01669-2,DWD,19_36,19_36
DWD-01671-0,DWD,17_23,17_23
DWD-01694-2,DWD,20_32,20_32
DWD-01694-3,DWD,20_32,20_32
DWD-01694-4,DWD,20_32,20_32
DWD-01694-5,DWD,20_32,20_32
DWD-01694-6,DWD,20_32,20_32
DWD-01694-7,DWD,20_32,20_32
DWD-01694-8,DWD,20_32,20_32
DWD-01694-9,DWD,20_32,20_32
DWD-01714-2,DWD,17_34,17_33
DWD-01714-3,DWD,17_34,17_33
DWD-01719-0,DWD,20_34,20_34
DWD-01736-2,DWD,20_27,20_27
DWD-01736-3,DWD,20_27,20_27
DWD-01736-4,DWD,20_27,20_27
DWD-01741-0,DWD,20_32,20_32
DWD-01767-0,DWD,20_27,20_27
DWD-01769-1,DWD,19_29,19_29
DWD-01769-4,DWD,19_29,19_29
DWD-01769-5,DWD,19_29,19_29
DWD-01787-0,DWD,18_28,17_28
DWD-01799-0,DWD,19_29,19_29
DWD-01800-0,DWD,19_29,19_29
DWD-01803-0,DWD,18_33,18_33
DWD-01803-1,DWD,18_33,18_33
DWD-01803-2,DWD,18_33,18_33
DWD-01806-0,DWD,20_31,20_31
DWD-01813-0,DWD,16_23,16_23
DWD-01813-1,DWD,16_23,16_23
DWD-01813-2,DWD,16_23,16_23
DWD-01824-0,DWD,21_15,21_15
DWD-01825-0,DWD,19_34,19_34
DWD-01827-0,DWD,17_27,17_28
DWD-01827-1,DWD,17_27,17_28
DWD-01827-2,DWD,17_27,17_28
DWD-01841-0,DWD,20_13,20_13
DWD-01860-0,DWD,17_27,17_28
DWD-01888-2,DWD,19_33,19_33
DWD-01888-3,DWD,19_32,19_32
DWD-01888-4,DWD,19_32,19_32
DWD-01889-0,DWD,19_33,19_33
DWD-01919-0,DWD,20_19,20_19
DWD-01926-3,DWD,20_29,20_29
DWD-01970-0,DWD,20_24,20_24
DWD-01971-0,DWD,20_24,20_24
DWD-01975-0,DWD,19_24,19_24
DWD-01975-2,DWD,19_24,19_24
DWD-01975-3,DWD,19_24,19_24
DWD-01975-6,DWD,19_24,19_24
DWD-01975-7,DWD,19_24,19_24
DWD-01975-8,DWD,19_24,19_24
DWD-01979-1,DWD,20_25,20_25
DWD-01981-0,DWD,20_24,20_24
DWD-01981-1,DWD,20_24,20_24
DWD-01981-2,DWD,20_24,20_24
DWD-01983-0,DWD,19_24,19_24
DWD-01984-0,DWD,19_24,19_24
DWD-01987-0,DWD,20_24,20_24
DWD-01989-0,DWD,19_25,19_25
DWD-01990-1,DWD,20_25,20_25
DWD-02004-0,DWD,18_22,18_22
DWD-02026-0,DWD,20_22,20_22
DWD-02028-0,DWD,18_24,18_24
DWD-02078-2,DWD,17_20,17_20
DWD-02115-1,DWD,16_19,17_16
DWD-02115-2,DWD,16_19,17_16
DWD-02115-3,DWD,16_19,17_16
DWD-02115-4,DWD,16_19,17_16
DWD-02115-5,DWD,16_19,17_16
DWD-02115-7,DWD,16_19,17_16
DWD-02115-8,DWD,16_19,17_16
DWD-02122-0,DWD,18_20,18_20
DWD-02128-0,DWD,19_21,19_21
DWD-02136-0,DWD,17_21,17_21
DWD-02137-0,DWD,19_24,19_24
DWD-02181-1,DWD,21_15,21_15
DWD-02272-0,DWD,19_30,19_30
DWD-02272-1,DWD,19_30,19_30
DWD-02272-2,DWD,19_30,19_30
DWD-02303-0,DWD,17_22,17_22
DWD-02303-1,DWD,17_22,17_22
DWD-02303-2,DWD,17_22,17_22
DWD-02306-0,DWD,17_27,17_27
DWD-02306-1,DWD,17_27,17_27
DWD-02306-2,DWD,17_27,17_27
DWD-02312-0,DWD,20_29,20_29
DWD-02316-0,DWD,16_24,16_24
DWD-02316-1,DWD,16_24,16_24
DWD-02334-0,DWD,20_25,20_25
DWD-02350-0,DWD,19_22,19_22
DWD-02429-1,DWD,18_22,18_22
DWD-02429-2,DWD,18_22,18_22
DWD-02429-3,DWD,18_22,18_22
DWD-02429-4,DWD,18_22,18_22
DWD-02430-1,DWD,18_22,18_22
DWD-02437-0,DWD,16_22,16_22
DWD-02437-1,DWD,16_22,16_22
DWD-02437-2,DWD,16_22,16_22
DWD-02445-0,DWD,18_31,18_31
DWD-02452-2,DWD,21_24,21_24
DWD-02452-3,DWD,21_24,21_24
DWD-02455-0,DWD,17_23,17_23
DWD-02456-4,DWD,20_16,20_16
DWD-02459-1,DWD,18_34,18_34
DWD-02462-0,DWD,15_21,15_21
DWD-02465-0,DWD,20_23,20_23
DWD-02465-1,DWD,20_23,20_23
DWD-02465-2,DWD,20_23,20_23
DWD-02476-0,DWD,20_12,19_12
DWD-02495-0,DWD,18_28,18_28
DWD-02514-0,DWD,15_23,15_24
DWD-02515-0,DWD,16_24,15_24
DWD-02529-0,DWD,20_33,20_33
DWD-02552-0,DWD,18_23,18_23
DWD-02564-0,DWD,17_25,16_25
DWD-02564-1,DWD,17_25,16_25
DWD-02564-10,DWD,17_25,16_25
DWD-02564-11,DWD,17_25,16_25
DWD-02564-2,DWD,17_25,16_25
DWD-02564-3,DWD,17_25,16_25
DWD-02564-4,DWD,17_25,16_25
DWD-02564-5,DWD,17_25,16_25
DWD-02564-6,DWD,17_25,16_25
DWD-02564-7,DWD,17_25,16_25
DWD-02564-8,DWD,17_25,16_25
DWD-02564-9,DWD,17_25,16_25
DWD-02578-1,DWD,18_30,18_30
DWD-02578-2,DWD,18_30,18_30
DWD-02578-3,DWD,18_30,18_30
DWD-02599-0,DWD,19_28,19_28
DWD-02602-0,DWD,15_19,15_19
DWD-02605-0,DWD,16_22,16_22
DWD-02606-0,DWD,19_23,19_23
DWD-02607-0,DWD,20_35,20_35
DWD-02624-0,DWD,16_24,16_24
DWD-02637-1,DWD,20_34,20_34
DWD-02637-2,DWD,20_34,20_34
DWD-02643-0,DWD,20_28,20_28
DWD-02663-1,DWD,20_20,20_20
DWD-02725-0,DWD,19_33,19_33
DWD-02728-0,DWD,20_36,20_36
DWD-02734-2,DWD,17_20,17_20
DWD-02734-3,DWD,17_20,17_20
DWD-02734-4,DWD,17_20,17_20
DWD-02734-5,DWD,17_20,17_20
DWD-02749-0,DWD,18_31,18_31
DWD-02749-1,DWD,18_31,18_31
DWD-02749-2,DWD,18_31,18_31
DWD-02763-0,DWD,20_12,20_12
DWD-02763-1,DWD,20_12,20_12
DWD-02763-2,DWD,20_12,20_12
DWD-02764-0,DWD,18_21,18_21
DWD-02767-0,DWD,18_31,17_31
DWD-02767-1,DWD,18_31,17_31
DWD-02791-0,DWD,20_21,20_21
DWD-02795-0,DWD,18_33,18_33
DWD-02795-2,DWD,18_33,18_33
DWD-02816-0,DWD,19_34,19_34
DWD-02822-0,DWD,19_20,19_20
DWD-02822-1,DWD,19_20,19_20
DWD-02822-2,DWD,19_20,19_20
DWD-02827-1,DWD,17_27,16_29
DWD-02844-3,DWD,19_19,19_19
DWD-02844-4,DWD,19_19,19_19
DWD-02844-5,DWD,19_19,19_19
DWD-02851-0,DWD,15_19,15_19
DWD-02855-0,DWD,20_27,20_27
DWD-02855-1,DWD,20_27,20_27
DWD-02871-0,DWD,18_24,18_24
DWD-02881-0,DWD,20_26,20_26
DWD-02907-0,DWD,15_20,15_20
DWD-02907-4,DWD,15_20,15_20
DWD-02907-5,DWD,15_20,15_20
DWD-02907-6,DWD,15_20,15_20
DWD-02907-7,DWD,15_20,15_20
DWD-02909-0,DWD,19_30,19_30
DWD-02950-0,DWD,17_27,17_28
DWD-03011-0,DWD,16_24,16_24
DWD-03032-1,DWD,14_19,14_18
DWD-03032-2,DWD,14_19,14_18
DWD-03032-3,DWD,14_19,14_18
DWD-03032-4,DWD,14_19,14_18
DWD-03032-6,DWD,14_19,14_18
DWD-03032-7,DWD,14_19,14_18
DWD-03032-8,DWD,14_19,14_18
DWD-03053-0,DWD,19_32,19_32
DWD-03068-1,DWD,20_19,20_19
DWD-03068-2,DWD,20_19,20_19
DWD-03078-0,DWD,21_30,21_30
DWD-03078-1,DWD,21_30,21_30
DWD-03086-0,DWD,19_27,19_27
DWD-03086-1,DWD,19_27,19_27
DWD-03086-2,DWD,19_27,19_27
DWD-03086-4,DWD,19_27,19_27
DWD-03086-5,DWD,19_27,19_27
DWD-03086-6,DWD,19_27,19_27
DWD-03086-7,DWD,19_27,19_27
DWD-03087-0,DWD,18_27,18_27
DWD-03089-0,DWD,20_30,20_30
DWD-03090-0,DWD,19_30,19_30
DWD-03092-1,DWD,20_32,20_32
DWD-03092-2,DWD,20_32,20_32
DWD-03106-0,DWD,20_26,20_26
DWD-03106-1,DWD,20_26,20_26
DWD-03107-0,DWD,17_26,17_26
DWD-03142-1,DWD,19_35,19_35
DWD-03143-0,DWD,20_34,20_34
DWD-03170-0,DWD,17_27,16_29
DWD-03194-0,DWD,17_34,17_34
DWD-03196-2,DWD,21_32,21_32
DWD-03196-3,DWD,21_32,21_32
DWD-03196-4,DWD,21_32,21_32
DWD-03196-5,DWD,21_32,21_32
DWD-03196-6,DWD,21_32,21_32
DWD-03196-7,DWD,21_32,21_32
DWD-03196-9,DWD,21_32,21_32
DWD-03203-0,DWD,20_25,20_25
DWD-03217-1,DWD,15_21,15_21
DWD-03217-2,DWD,15_21,15_21
DWD-03217-3,DWD,15_21,15_21
DWD-03235-1,DWD,18_20,18_20
DWD-03280-1,DWD,21_33,21_33
DWD-03280-2,DWD,21_33,21_33
DWD-03280-3,DWD,21_33,21_33
DWD-03298-0,DWD,19_33,19_33
DWD-03333-0,DWD,20_23,20_23
DWD-03342-3,DWD,21_14,21_14
DWD-03342-4,DWD,21_14,21_14
DWD-03342-5,DWD,21_14,21_14
DWD-03342-6,DWD,21_14,21_14
DWD-03351-0,DWD,14_19,14_18
DWD-03367-0,DWD,19_29,19_29
DWD-03369-0,DWD,20_26,20_26
DWD-03459-0,DWD,20_24,20_24
DWD-03467-0,DWD,17_25,17_25
DWD-03469-1,DWD,18_31,18_31
DWD-03469-2,DWD,18_32,18_32
DWD-03481-0,DWD,18_31,18_31
DWD-03482-0,DWD,18_30,18_30
DWD-03482-1,DWD,18_30,18_30
DWD-03514-0,DWD,19_20,19_20
DWD-03523-0,DWD,19_35,19_35
DWD-03531-0,DWD,19_31,19_31
DWD-03537-3,DWD,18_24,18_24
DWD-03559-1,DWD,18_27,18_27
DWD-03563-0,DWD,21_30,21_30
DWD-03564-0,DWD,20_30,20_30
DWD-03564-1,DWD,20_30,20_30
DWD-03564-2,DWD,20_30,20_30
DWD-03592-0,DWD,15_19,15_19
DWD-03615-0,DWD,17_36,17_36
DWD-03627-0,DWD,15_19,15_17
DWD-03628-0,DWD,20_13,20_13
DWD-03629-0,DWD,20_13,20_13
DWD-03630-0,DWD,20_18,20_18
DWD-03631-1,DWD,20_13,19_13
DWD-03631-2,DWD,20_13,19_13
DWD-03631-3,DWD,20_13,19_13
DWD-03631-4,DWD,20_13,19_13
DWD-03631-5,DWD,20_13,19_13
DWD-03631-6,DWD,20_13,19_13
DWD-03638-2,DWD,19_19,19_19
DWD-03645-0,DWD,16_19,16_19
DWD-03646-0,DWD,16_19,16_19
DWD-03648-0,DWD,15_23,15_23
DWD-03654-0,DWD,20_34,20_34
DWD-03655-0,DWD,16_23,16_23
DWD-03673-0,DWD,19_26,19_26
DWD-03706-0,DWD,19_21,19_21
DWD-03768-0,DWD,15_23,15_23
DWD-03770-0,DWD,19_32,19_32
DWD-03773-0,DWD,15_22,15_22
DWD-03789-0,DWD,18_22,18_22
DWD-03792-0,DWD,17_27,17_28
DWD-03793-0,DWD,19_26,19_26
DWD-03813-0,DWD,16_24,16_24
DWD-03847-0,DWD,19_20,19_20
DWD-03847-1,DWD,19_20,19_20
DWD-03853-0,DWD,21_18,21_18
DWD-03853-2,DWD,20_18,20_18
DWD-03853-3,DWD,20_18,20_18
DWD-03870-0,DWD,20_31,20_31
DWD-03880-0,DWD,18_31,18_31
DWD-03895-0,DWD,16_19,16_18
DWD-03897-10,DWD,18_28,18_28
DWD-03897-11,DWD,18_28,18_28
DWD-03897-12,DWD,18_28,18_28
DWD-03908-0,DWD,20_29,20_29
DWD-03916-0,DWD,18_33,18_33
DWD-03932-0,DWD,21_29,21_29
DWD-03935-0,DWD,19_23,19_23
DWD-03943-0,DWD,19_33,19_33
DWD-03945-1,DWD,20_33,20_33
DWD-03945-2,DWD,20_33,20_33
DWD-03945-3,DWD,20_33,20_33
DWD-03954-1,DWD,17_26,17_26
DWD-03976-0,DWD,15_23,15_24
DWD-03993-0,DWD,17_25,17_25
DWD-03996-0,DWD,17_34,16_34
DWD-04009-0,DWD,17_22,17_22
DWD-04009-1,DWD,17_22,17_22
DWD-04009-2,DWD,17_22,17_22
DWD-04030-0,DWD,19_31,19_31
DWD-04039-0,DWD,19_24,19_24
DWD-04039-2,DWD,19_24,19_24
DWD-04039-3,DWD,19_24,19_24
DWD-04039-4,DWD,19_24,19_24
DWD-04039-5,DWD,19_24,19_24
DWD-04046-0,DWD,21_25,21_25
DWD-04070-0,DWD,18_28,18_28
DWD-04085-0,DWD,19_27,19_27
DWD-04101-0,DWD,21_29,21_29
DWD-04101-1,DWD,21_29,21_29
DWD-04101-2,DWD,21_29,21_29
DWD-04117-0,DWD,19_28,19_28
DWD-04130-0,DWD,20_25,20_25
DWD-04147-0,DWD,20_21,20_21
DWD-04156-0,DWD,17_23,17_23
DWD-04162-1,DWD,18_30,18_30
DWD-04163-0,DWD,19_30,19_30
DWD-04184-0,DWD,17_34,17_34
DWD-04184-1,DWD,17_34,17_34
DWD-04226-2,DWD,20_34,20_34
DWD-04226-3,DWD,20_35,20_35
DWD-04226-4,DWD,21_34,21_34
DWD-04232-0,DWD,20_28,20_28
DWD-04245-0,DWD,19_28,19_28
DWD-04260-0,DWD,20_23,20_23
DWD-04270-1,DWD,18_32,18_32
DWD-04271-2,DWD,18_32,17_32
DWD-04271-3,DWD,18_32,17_32
DWD-04271-4,DWD,18_32,17_32
DWD-04271-5,DWD,18_32,17_32
DWD-04271-7,DWD,18_32,17_32
DWD-04271-8,DWD,18_32,17_32
DWD-04314-0,DWD,19_29,19_29
DWD-04378-0,DWD,20_16,20_16
DWD-04380-0,DWD,21_18,21_18
DWD-04393-1,DWD,16_19,17_19
DWD-04393-2,DWD,16_19,17_18
DWD-04393-3,DWD,16_19,17_18
DWD-04393-4,DWD,16_19,17_18
DWD-04393-5,DWD,16_19,17_18
DWD-04405-0,DWD,15_22,15_22
DWD-04405-1,DWD,15_22,15_22
DWD-04405-2,DWD,15_23,15_23
DWD-04405-3,DWD,15_23,15_23
DWD-04406-0,DWD,20_22,20_22
DWD-04456-0,DWD,19_27,19_27
DWD-04465-0,DWD,17_35,17_35
DWD-04466-2,DWD,16_22,16_22
DWD-04466-3,DWD,16_22,16_22
DWD-04466-4,DWD,16_22,16_22
DWD-04466-5,DWD,16_22,16_22
DWD-04466-6,DWD,16_22,16_22
DWD-04466-7,DWD,16_22,16_22
DWD-04466-8,DWD,16_22,16_22
DWD-04466-9,DWD,16_22,16_22
DWD-04525-0,DWD,19_28,19_28
DWD-04526-0,DWD,17_25,16_25
DWD-04575-0,DWD,18_32,18_32
DWD-04602-0,DWD,18_27,18_27
DWD-04602-1,DWD,18_27,18_27
DWD-04602-2,DWD,18_27,18_27
DWD-04611-0,DWD,20_26,20_26
DWD-04625-10,DWD,19_30,19_30
DWD-04625-11,DWD,19_30,19_30
DWD-04625-12,DWD,19_30,19_30
DWD-04625-4,DWD,19_30,19_30
DWD-04625-5,DWD,19_30,19_30
DWD-04625-6,DWD,19_30,19_30
DWD-04625-7,DWD,19_30,19_30
DWD-04625-8,DWD,19_30,19_30
DWD-04626-0,DWD,20_30,20_30
DWD-04627-0,DWD,20_30,20_30
DWD-04629-0,DWD,16_21,16_21
DWD-04629-1,DWD,16_21,16_21
DWD-04632-0,DWD,19_35,19_35
DWD-04639-0,DWD,18_26,18_26
DWD-04639-1,DWD,18_26,18_26
DWD-04666-0,DWD,17_26,17_26
DWD-04666-1,DWD,17_26,17_26
DWD-04669-0,DWD,19_27,19_27
DWD-04670-1,DWD,21_21,21_21
DWD-04699-0,DWD,20_34,20_34
DWD-04701-0,DWD,21_32,21_32
DWD-04732-0,DWD,18_26,18_26
DWD-04800-1,DWD,20_22,20_22
DWD-04800-2,DWD,20_22,20_22
DWD-04802-0,DWD,19_22,19_22
DWD-04803-2,DWD,20_17,20_17
DWD-04803-3,DWD,20_18,20_18
DWD-04803-4,DWD,20_18,20_18
DWD-04830-0,DWD,19_36,19_36
DWD-04833-0,DWD,21_22,21_22
DWD-04841-4,DWD,19_19,19_19
DWD-04841-5,DWD,19_19,19_19
DWD-04841-6,DWD,19_19,19_19
DWD-04856-0,DWD,19_26,19_26
DWD-04857-0,DWD,20_22,20_22
DWD-04857-1,DWD,20_22,20_22
DWD-04857-2,DWD,20_22,20_22
DWD-04871-0,DWD,19_31,19_31
DWD-04873-0,DWD,15_23,15_23
DWD-04891-0,DWD,16_22,16_22
DWD-04893-0,DWD,21_31,21_31
DWD-04896-1,DWD,15_23,15_23
DWD-04896-2,DWD,15_23,15_23
DWD-04896-3,DWD,15_23,15_23
DWD-04896-4,DWD,15_23,15_23
DWD-04903-0,DWD,16_24,16_25
DWD-04920-0,DWD,20_19,20_19
DWD-04920-2,DWD,20_19,20_19
DWD-04920-3,DWD,20_19,20_19
DWD-04941-2,DWD,17_20,17_20
DWD-04941-3,DWD,17_20,17_20
DWD-04942-0,DWD,17_21,17_21
DWD-04944-0,DWD,18_35,18_35
DWD-05004-0,DWD,17_21,17_21
DWD-05008-0,DWD,18_34,18_34
DWD-05009-10,DWD,19_34,19_34
DWD-05009-11,DWD,19_34,19_34
DWD-05009-12,DWD,19_34,19_34
DWD-05009-13,DWD,19_34,19_34
DWD-05009-2,DWD,19_34,19_34
DWD-05009-3,DWD,19_34,19_34
DWD-05009-9,DWD,19_34,19_34
DWD-05043-0,DWD,18_27,18_27
DWD-05057-0,DWD,17_22,17_22
DWD-05057-1,DWD,17_22,17_22
DWD-05057-2,DWD,17_22,17_22
DWD-05058-0,DWD,19_25,19_25
DWD-05058-1,DWD,19_25,19_25
DWD-05058-2,DWD,19_25,19_25
DWD-05066-0,DWD,16_23,16_23
DWD-05078-3,DWD,18_28,18_28
DWD-05085-0,DWD,16_21,16_21
DWD-05097-2,DWD,18_35,18_35
DWD-05097-3,DWD,18_35,18_35
DWD-05097-4,DWD,18_35,18_35
DWD-05104-0,DWD,20_26,20_26
DWD-05145-0,DWD,16_20,16_20
DWD-05172-0,DWD,20_13,20_13
DWD-05173-0,DWD,21_15,21_15
DWD-05183-0,DWD,15_19,15_18
DWD-05188-0,DWD,18_21,18_21
DWD-05195-0,DWD,20_35,20_35
DWD-05195-1,DWD,20_35,20_35
DWD-05196-1,DWD,20_17,20_17
DWD-05196-3,DWD,20_17,20_17
DWD-05214-0,DWD,18_35,18_35
DWD-05233-0,DWD,16_21,16_21
DWD-05257-3,DWD,21_20,21_20
DWD-05259-0,DWD,18_32,18_32
DWD-05268-0,DWD,20_18,20_18
DWD-05280-0,DWD,18_25,18_25
DWD-05280-1,DWD,18_25,18_25
DWD-05280-2,DWD,18_25,18_25
DWD-05326-1,DWD,18_34,18_34
DWD-05342-1,DWD,20_16,19_16
DWD-05343-0,DWD,20_16,19_16
DWD-05344-1,DWD,20_16,19_16
DWD-05344-3,DWD,20_16,19_16
DWD-05349-13,DWD,20_35,20_35
DWD-05349-14,DWD,20_35,20_35
DWD-05349-15,DWD,20_35,20_35
DWD-05349-6,DWD,20_35,20_35
DWD-05349-7,DWD,20_35,20_35
DWD-05349-8,DWD,20_35,20_35
DWD-05350-0,DWD,20_35,20_35
DWD-05353-0,DWD,19_31,19_31
DWD-05381-0,DWD,20_23,20_23
DWD-05381-1,DWD,20_22,20_22
DWD-05469-0,DWD,19_31,19_31
DWD-05481-0,DWD,18_32,18_32
DWD-05507-0,DWD,17_24,17_24
DWD-05512-6,DWD,16_19,16_19
DWD-05512-7,DWD,16_19,16_19
DWD-05514-2,DWD,14_19,14_17
DWD-05514-3,DWD,14_19,14_17
DWD-05516-10,DWD,17_27,16_28
DWD-05516-2,DWD,17_27,16_28
DWD-05516-3,DWD,17_27,16_28
DWD-05516-4,DWD,17_27,16_28
DWD-05516-7,DWD,17_27,16_28
DWD-05516-8,DWD,17_27,16_28
DWD-05516-9,DWD,17_27,16_28
DWD-05521-0,DWD,15_20,15_20
DWD-05552-1,DWD,20_15,20_15
DWD-05575-3,DWD,20_16,20_16
DWD-05589-0,DWD,18_21,18_21
DWD-05608-1,DWD,21_25,21_25
DWD-05608-2,DWD,20_25,20_25
DWD-05624-4,DWD,18_30,18_30
DWD-05624-5,DWD,18_30,18_30
DWD-05624-6,DWD,18_30,18_30
DWD-05630-0,DWD,20_28,20_28
DWD-05638-0,DWD,20_15,20_15
DWD-05638-1,DWD,20_15,20_15
DWD-05639-0,DWD,20_15,19_15
DWD-05661-0,DWD,16_21,16_21
DWD-05713-0,DWD,21_25,21_25
DWD-05730-1,DWD,17_34,17_34
DWD-05732-4,DWD,15_19,15_18
DWD-05732-5,DWD,15_19,15_18
DWD-05732-6,DWD,15_19,15_18
DWD-05740-0,DWD,18_34,18_34
DWD-05741-0,DWD,20_28,20_28
DWD-05777-0,DWD,17_35,16_35
DWD-05839-0,DWD,20_13,20_13
DWD-05839-1,DWD,20_13,20_13
DWD-05839-3,DWD,20_13,20_13
DWD-05839-4,DWD,20_13,20_13
DWD-05839-5,DWD,20_13,20_13
DWD-05839-6,DWD,20_13,20_13
DWD-05924-0,DWD,15_21,15_21
DWD-05930-2,DWD,16_24,15_24
DWD-05930-3,DWD,16_24,15_24
DWD-05930-4,DWD,16_24,15_24
DWD-05930-5,DWD,16_24,15_24
DWD-05952-0,DWD,17_27,17_27
DWD-05952-1,DWD,17_27,17_27
DWD-06105-0,DWD,17_23,17_23
DWD-06105-1,DWD,17_23,17_23
DWD-06105-2,DWD,17_23,17_23
DWD-06157-0,DWD,20_16,19_16
DWD-06157-1,DWD,20_16,19_16
DWD-06157-2,DWD,20_16,19_16
DWD-06163-1,DWD,17_25,17_25
DWD-06163-2,DWD,17_25,17_25
DWD-06163-3,DWD,17_25,17_25
DWD-06163-4,DWD,17_25,17_25
DWD-06165-0,DWD,18_33,17_33
DWD-06177-0,DWD,19_20,19_20
DWD-07078-0,DWD,20_28,20_28
DWD-07078-1,DWD,20_28,20_28
DWD-07298-0,DWD,16_20,16_20
DWD-07298-1,DWD,16_20,16_20
DWD-07373-0,DWD,20_12,20_11
DWD-07373-1,DWD,20_12,20_11
DWD-07427-0,DWD,18_24,18_24
DWD-07427-1,DWD,18_24,18_24
DWD-13687-0,DWD,18_23,18_23
DWD-13687-1,DWD,18_23,18_23
DWD-13926-0,DWD,21_35,21_35
DWD-13926-1,DWD,21_35,21_35
DWD-15147-0,DWD,20_12,20_12
DWD-15518-0,DWD,18_32,18_32
DWD-15518-1,DWD,18_31,18_31
DWD-15553-0,DWD,18_21,18_21
DWD-15994-0,DWD,20_30,20_30
DWD-16086-0,DWD,21_26,21_26
DWD-19123-0,DWD,18_35,18_35
DWD-19171-0,DWD,18_23,18_23
DWD-19172-0,DWD,18_22,18_22
DWD-19193-0,DWD,20_32,20_32
DWD-19307-1,DWD,17_26,17_26
DWD-19578-0,DWD,18_32,18_32
